age,annual_income,monthly_debt,property_price,deposit_amount,requested_loan,mortgage_term_years,mortgage_term_months,risk_band
51,69095,1473,256588,62575,140055,19,228,Low
21,157882,1115,539112,146630,372113,18,216,Low
30,115909,2471,315513,24357,172399,17,204,Low
46,76016,1434,847580,192625,462333,20,240,Low
23,135479,1421,587730,44353,321301,24,288,Low
63,51431,475,907720,180202,499633,15,180,Medium
40,47172,2462,825322,247020,434658,31,372,Medium
36,102386,69,602298,184546,274477,18,216,Low
33,112332,2162,464423,127313,409400,16,192,Low
64,126522,2320,397696,27162,270276,23,276,Low
26,77126,1820,342102,23919,177487,20,240,Low
32,112419,5,350981,121325,302664,27,324,Low
21,158824,1088,324022,56118,196484,30,360,Low
40,101866,461,809627,188501,512917,21,252,Low
58,151975,1105,862516,60412,404201,15,180,Low
39,70395,2201,646813,68066,537255,15,180,Medium
26,74367,2494,384512,97231,174483,26,312,Low
39,128295,1432,404104,111577,288813,32,384,Low
46,147607,1598,516160,130822,409118,15,180,Low
59,155603,1402,427888,138968,374550,32,384,Medium
38,136202,54,632662,221230,375286,29,348,Low
26,96416,294,714334,233770,496949,26,312,Medium
51,40188,1473,926544,280011,398161,15,180,Medium
64,103262,1130,686108,59282,603149,15,180,High
33,149554,2340,873745,62153,604173,17,204,Medium
46,98311,847,481129,150913,230688,24,288,Low
30,94705,1489,647487,84565,545998,24,288,Medium
30,101637,1067,442703,65940,289324,23,276,Low
53,89076,1269,941801,61056,615598,21,252,Medium
48,68384,1482,776951,109755,631496,32,384,Medium
28,83051,1869,817511,253364,433483,32,384,Medium
36,52589,208,669554,83663,372204,16,192,Medium
35,131858,1569,610671,118350,400431,20,240,Low
28,87411,236,880372,52885,365030,27,324,Medium
64,57458,863,527618,79100,377452,20,240,Medium
59,126741,1713,681958,176919,475352,19,228,Low
54,149130,1071,257129,54009,133301,24,288,Low
56,104623,1388,922124,208053,794722,25,300,Medium
24,88819,2214,909867,253510,449863,32,384,Medium
32,31454,1805,645607,40727,542279,30,360,Medium
29,71166,401,355252,75773,215700,27,324,Low
30,119527,1827,229838,36258,115118,27,324,Low
40,123750,2155,546698,27370,270403,16,192,Low
46,71477,1716,809599,44591,526747,27,324,Medium
63,102494,301,787889,90206,612360,19,228,Medium
60,69986,905,674023,148459,458727,19,228,Medium
48,75151,785,615120,114976,526510,22,264,Medium
44,57541,736,871014,71359,446188,19,228,Medium
52,59364,1486,393187,48720,287303,19,228,Medium
50,72244,92,594328,76762,384557,23,276,Medium
27,149534,1386,209490,44618,128963,27,324,Low
42,48791,1783,889504,124179,781408,24,288,High
49,109158,142,431909,121685,367479,32,384,Medium
43,82536,1165,247009,49644,129684,26,312,Low
62,135831,1427,218270,70334,136045,21,252,Low
31,84435,1581,594539,109630,258735,15,180,Low
42,85876,1716,280206,23438,139581,28,336,Low
40,62261,886,627874,108413,279374,28,336,Low
55,56871,1214,926713,284460,758930,21,252,Low
32,31637,2299,942791,140834,531239,20,240,Medium
42,103902,149,230386,37373,198421,28,336,Low
46,127980,434,581945,30493,234596,32,384,Low
25,71442,1150,320862,83482,254896,31,372,Low
40,137721,592,387786,108880,266782,21,252,Low
58,154862,1880,202891,11021,144280,27,324,Low
59,113067,900,442199,46820,180433,18,216,Low
37,46245,1726,941932,295920,536144,30,360,Medium
23,128695,1137,195373,12936,87411,15,180,Low
63,78671,1899,877240,274535,718723,26,312,Medium
60,80793,329,214421,22569,119817,30,360,Low
45,110903,709,532404,91779,341663,33,396,Low
32,136232,2455,421074,114966,219098,15,180,Low
60,52472,1362,326330,37668,242363,21,252,Medium
48,39925,1013,765575,172909,523642,16,192,Low
46,41369,1018,284936,24366,150752,22,264,Low
45,143685,1655,906023,46464,452253,15,180,Low
44,107985,792,277731,31471,129988,24,288,Low
28,126574,1169,485449,43378,410959,24,288,Low
27,71046,1061,855950,249856,748779,21,252,High
40,117541,1802,549012,80813,382745,31,372,Low
49,95103,1442,296832,34661,190577,20,240,Low
47,114871,1185,342096,37940,194747,21,252,Low
59,46238,370,492551,106819,280750,17,204,Medium
25,98076,1158,198565,34641,147512,26,312,Low
53,83303,366,507651,133763,413957,31,372,Medium
43,39481,554,363933,123681,213715,22,264,Low
56,82237,581,904179,150575,422596,26,312,Low
30,146354,73,936986,123698,545469,28,336,Low
42,101097,1677,345600,47475,232725,22,264,Low
53,127841,1739,598541,100242,384557,30,360,Low
55,121032,1500,236988,78947,122344,28,336,Low
54,30298,1683,614060,182818,319228,28,336,Medium
33,34912,2299,332272,33972,229647,18,216,Medium
61,130655,2423,480088,33648,363183,33,396,Medium
23,49237,314,241782,58643,144594,27,324,Low
56,93724,2046,575696,94505,505638,20,240,Medium
25,96877,2492,759052,46334,384456,28,336,Medium
26,32384,1081,366736,77433,327243,30,360,High
57,137046,1997,442536,43328,198723,33,396,Low
30,108894,2108,421829,28212,273728,22,264,Low
59,57636,554,901496,105435,576398,29,348,Medium
62,115549,2106,432662,27952,364476,22,264,Low
38,34341,1441,294410,44801,126800,17,204,Low
40,126717,857,415562,104318,352603,27,324,Low
25,143724,1874,596058,86148,363401,25,300,Low
53,79908,669,906427,305944,567417,27,324,Low
41,126727,1503,829255,268414,477576,17,204,Low
48,149703,245,248825,19438,154467,15,180,Low
46,65746,1665,290396,71941,215928,26,312,Low
21,142608,1482,353693,77895,237469,26,312,Low
46,45794,148,719392,79830,458590,31,372,Medium
61,151577,231,423715,35988,348265,33,396,Medium
60,158163,1375,600282,102679,509720,25,300,Low
47,84803,282,897096,245053,612240,33,396,Medium
38,57570,1752,389143,124502,265892,29,348,Medium
29,62862,2441,347713,32737,309982,24,288,High
59,44233,415,485726,127759,403139,25,300,Medium
25,84183,1441,654224,60145,535794,33,396,High
39,85185,2495,625953,78684,393826,25,300,Medium
60,69724,128,858349,228322,499325,34,408,Medium
48,146791,7,199549,52808,82965,34,408,Low
48,127514,2052,638570,40158,344334,24,288,Low
57,129316,138,631069,106710,327148,34,408,Low
48,91206,366,609370,70982,272234,25,300,Low
33,134422,1073,801655,159061,484815,22,264,Low
55,153665,2470,846361,264003,693974,21,252,Low
36,152976,1303,752614,120671,617813,19,228,Low
44,71938,1682,529589,70730,299070,20,240,Medium
50,34429,1234,182584,47259,129073,29,348,Low
40,139233,1512,646071,196335,387934,19,228,Low
59,85777,2259,493490,95843,302274,16,192,Low
23,48790,2384,333136,28093,159376,28,336,Medium
30,47638,755,623282,31879,446125,27,324,Medium
56,149525,300,447323,70236,233895,19,228,Low
58,132732,2467,237424,22817,114423,25,300,Low
53,71743,170,676916,158167,485686,27,324,Low
38,152233,2342,873552,170426,599857,18,216,Low
37,58899,750,867438,184276,757081,23,276,Medium
51,82354,711,469702,66798,405693,28,336,High
23,78387,1488,765662,133003,608587,24,288,Medium
51,95954,626,554478,126507,386477,21,252,Low
37,68397,2335,759876,221792,373840,23,276,Medium
32,46395,2318,607488,182403,439146,28,336,Medium
58,159544,668,860931,87672,427118,25,300,Low
60,46298,55,348966,17638,224263,24,288,Medium
38,147926,228,929442,67064,655252,31,372,Medium
23,117798,675,718079,78170,410594,30,360,Low
50,41877,1993,416584,63422,197403,29,348,Medium
49,105070,2056,360646,94359,272140,31,372,Low
61,114778,2437,370984,66269,198978,18,216,Low
40,159114,2058,586611,93104,340605,23,276,Low
64,90419,1282,928129,251451,653923,25,300,Medium
61,55806,2474,865238,258014,682811,18,216,Medium
45,76835,1366,389077,129198,225752,34,408,Low
49,93339,969,666093,65009,394703,29,348,Medium
63,58675,552,871680,244041,510979,33,396,Medium
56,115862,1950,252884,14831,206193,34,408,Low
51,111722,1706,867727,277883,356074,25,300,Low
46,46949,583,901393,157055,419908,21,252,Low
39,145859,70,759146,146861,533665,31,372,Low
49,44140,14,230611,33346,175721,31,372,Medium
30,51714,1668,802933,254264,479138,18,216,Medium
57,79647,1776,338637,17462,245191,21,252,Low
25,80860,47,428278,28557,201354,22,264,Low
45,138444,1927,794168,240618,649948,31,372,Medium
44,118030,2186,382432,49926,333186,34,408,Medium
43,30321,763,686281,239046,606323,32,384,High
32,55012,1465,599341,32973,527832,19,228,High
26,64310,1681,324815,69606,184755,29,348,Low
57,31707,833,597186,167771,253627,18,216,Low
52,71483,1438,353828,60966,221967,17,204,Low
36,51482,1224,745956,50497,553515,23,276,Medium
52,151577,1556,507249,131186,349592,26,312,Low
39,137404,1407,286171,44874,172475,21,252,Low
29,132963,1155,649406,116512,290483,34,408,Low
25,67718,1722,789881,50424,690827,22,264,High
58,56143,1704,803242,240109,360933,15,180,Medium
38,97025,2481,767484,114810,353801,34,408,Low
21,150439,200,287664,18612,156255,17,204,Low
59,95542,1308,919985,116960,820648,24,288,High
63,55667,1808,561096,72539,404726,19,228,High
28,89843,1276,825208,119534,461116,28,336,Medium
64,43258,64,651339,84782,582405,26,312,High
52,127075,1311,575779,89645,331138,20,240,Low
29,101584,1025,482604,63724,211102,30,360,Low
55,134152,1322,219522,18782,101835,15,180,Low
53,50686,1023,890602,255427,544198,28,336,Low
57,58726,952,568062,31038,234580,20,240,Medium
34,61847,339,396108,131331,312705,21,252,Low
34,113539,1957,599000,194835,389193,34,408,Low
40,147538,1804,622718,199846,386522,22,264,Low
40,105841,824,381524,75177,257724,28,336,Low
46,69743,364,334877,36600,183881,27,324,Low
44,88793,1369,198005,50756,105664,33,396,Low
40,119011,1263,855468,255740,571628,20,240,Low
41,144881,830,759558,100271,665850,32,384,High
21,154764,1227,510994,110375,396595,17,204,Low
45,93544,362,628013,202788,288440,29,348,Low
57,39485,2368,800857,55172,542690,25,300,Medium
32,145318,1777,605353,50980,439190,21,252,Low
37,48772,727,739430,57368,402339,16,192,Medium
27,69722,123,548063,52363,361634,28,336,Medium
41,125627,1431,313968,74313,155621,21,252,Low
47,67256,733,357307,115682,277060,30,360,Low
28,148277,1697,918878,191713,686189,27,324,Low
28,102116,785,417465,95503,231704,33,396,Low
62,31794,596,426040,100375,336612,21,252,Medium
43,117813,2309,558542,93542,454628,17,204,Low
24,94341,1600,716048,131643,460584,25,300,Medium
31,130661,1529,384324,52028,164716,18,216,Low
28,108383,542,392246,24340,275732,17,204,Low
55,35712,776,721107,177015,423726,31,372,Medium
60,106193,2435,539672,108205,339300,34,408,Low
64,75414,988,721827,93935,587684,30,360,Medium
49,60585,297,502890,123625,392158,25,300,Low
40,35811,1340,894029,229490,568665,33,396,Medium
28,45415,1245,281033,34313,135430,29,348,Low
50,127314,2236,741631,52750,560140,16,192,Medium
34,97091,476,884536,304045,512904,27,324,Low
61,79147,201,617790,68628,375412,31,372,High
26,81510,1551,181438,59074,78451,32,384,Low
35,35220,1650,814802,82848,401690,30,360,Medium
26,141892,511,786942,254035,405349,21,252,Low
26,129779,1909,837057,132824,552098,26,312,Medium
64,38175,2183,774768,220497,447752,15,180,Medium
27,30212,543,290379,54774,194827,25,300,Medium
53,154566,1166,727104,159724,422799,16,192,Low
35,35212,1926,774751,192864,657863,27,324,Medium
35,136637,1511,194489,59460,135555,32,384,Low
33,116138,713,704737,103656,443018,19,228,Medium
49,73156,533,487804,26300,325516,21,252,Medium
47,48368,504,617907,150473,278550,34,408,Medium
37,75867,2124,339888,102073,150820,23,276,Low
55,131709,2125,677091,129888,404872,18,216,Low
51,135037,1158,869435,298591,642152,24,288,Low
43,51574,1341,653533,44214,496555,21,252,Medium
60,129505,1087,247655,76723,192849,17,204,Low
38,140350,814,848563,151965,360129,28,336,Low
64,90690,556,384099,99875,154054,20,240,Low
32,150456,67,604916,56079,326319,26,312,Low
26,90168,1202,793739,77667,682072,32,384,High
30,36162,871,271160,80900,112422,22,264,Low
43,75413,2352,237284,31070,195341,22,264,Low
63,145208,1337,238897,40775,197448,19,228,Low
39,115092,871,871352,59845,675104,28,336,Medium
26,40814,457,809424,158644,404261,23,276,Medium
21,82673,298,819556,137755,600993,21,252,Medium
29,54526,1249,199298,58883,170358,20,240,Low
49,81852,2437,539558,186742,230745,25,300,Low
41,145472,50,700887,239889,471901,26,312,Low
21,68872,367,881680,212899,708321,25,300,Medium
64,94764,1789,557721,122215,463046,31,372,Medium
38,77076,390,369959,21925,313335,32,384,Medium
27,42417,607,483839,38239,243960,29,348,Medium
62,131793,2129,833998,65748,437849,20,240,Low
24,79476,1486,882732,54188,376802,21,252,Medium
39,70267,1527,895911,56266,474361,33,396,Medium
41,100535,768,839733,196947,408038,29,348,Low
39,47111,2273,594315,38480,499757,15,180,Medium
37,63214,1362,276100,81312,172387,29,348,Low
47,43916,2061,906595,74193,625738,22,264,Medium
56,90152,619,500923,166866,342202,22,264,Low
23,133011,878,484193,150022,361711,34,408,Low
27,32401,793,750536,190959,538337,22,264,Medium
48,142059,1082,694018,140202,394791,33,396,Low
21,97034,1053,439591,28185,389320,25,300,High
42,157085,1655,619452,167245,253527,22,264,Low
37,147084,1674,705898,203520,291640,29,348,Low
22,150232,1053,894789,241490,727776,28,336,Medium
38,71308,530,637878,188853,301923,34,408,Medium
59,149723,998,261238,83554,167534,27,324,Low
25,129841,475,325697,72486,274969,23,276,Low
26,67158,690,642250,221310,566648,25,300,High
55,33041,106,887805,177176,469447,27,324,Low
61,105031,2335,443112,119427,222973,20,240,Low
36,158220,1622,196158,53051,163913,34,408,Low
47,65429,372,623917,197010,387519,29,348,Low
60,144865,1924,900501,149650,545690,21,252,Low
27,42039,2117,306652,89444,149855,31,372,Medium
30,69934,1039,378754,23660,231340,27,324,Low
53,93632,166,351203,121608,270982,34,408,Low
44,72700,2124,855444,58028,764394,22,264,High
60,105682,1838,940301,263527,663776,18,216,Medium
39,99105,2466,727774,219711,526296,26,312,Low
53,91929,317,798357,181736,582848,30,360,Low
40,69241,1065,689059,182018,483625,26,312,Low
32,89890,1747,337881,20546,241236,15,180,Low
36,102219,332,422671,133817,286704,17,204,Low
63,50298,426,218706,24962,124869,20,240,Low
40,83933,2041,865356,270776,556315,28,336,Low
26,140158,941,206710,50584,111403,23,276,Low
21,71488,1627,879477,130077,785181,20,240,High
38,60992,1781,661053,72654,590152,32,384,High
59,142261,2258,211362,49127,104605,22,264,Low
42,89709,1156,580068,152028,305153,25,300,Low
55,120606,1803,948559,237745,606919,17,204,Low
49,48133,1802,508718,137821,279750,20,240,Medium
35,42025,1119,659565,213145,501588,24,288,Low
38,36205,913,230855,16231,97586,27,324,Low
63,59349,1462,515218,87155,460856,16,192,High
56,32900,2390,411546,91061,194157,29,348,Medium
55,153929,1564,228199,29320,166517,30,360,Low
37,117980,241,615810,146921,301679,24,288,Low
48,54704,1356,765450,259891,550784,21,252,Low
58,91762,1566,446003,136599,215109,28,336,Low
63,80802,13,350474,70133,212579,15,180,Low
40,150985,578,904337,146005,732185,33,396,Medium
55,159416,919,282114,84746,223136,28,336,Low
58,131856,1042,822906,104464,497489,21,252,Low
48,111451,2230,366017,19933,221230,23,276,Low
33,154543,1174,710887,52729,404029,20,240,Low
64,60215,229,541185,107678,318600,15,180,Medium
32,72004,1691,396997,92353,217226,19,228,Low
52,122941,2125,604537,110320,458483,21,252,Low
24,52650,2252,296311,30829,163269,29,348,Medium
48,40129,341,656016,113054,341683,34,408,Medium
26,110803,2422,930701,149499,626473,28,336,Medium
27,47563,31,329978,34656,272524,30,360,Medium
60,99626,1737,839219,222622,650486,23,276,Medium
21,96900,1762,765174,265172,663060,31,372,High
42,140720,1457,716203,175984,424508,17,204,Low
55,134278,746,643660,38758,448150,28,336,Low
57,125937,2355,369711,81019,258846,25,300,Low
28,40750,2330,389531,68302,232245,22,264,Medium
44,130361,1130,673244,69363,549489,25,300,Medium
58,50996,1689,543837,34751,403438,20,240,Medium
47,48330,883,883095,90906,387805,15,180,Medium
57,148692,751,284439,18471,229319,23,276,Low
22,77117,2258,761586,80684,463069,33,396,High
60,115371,1067,207449,42124,139889,27,324,Low
61,49032,646,330211,32019,162105,16,192,Low
61,140136,140,434297,120625,310959,27,324,Low
29,76614,2443,645465,203337,425227,22,264,Medium
43,121526,1882,309915,25010,145088,29,348,Low
53,114457,1611,694721,85068,481771,23,276,Medium
54,37888,851,469426,129089,382987,22,264,Low
37,121309,221,398434,24473,200850,21,252,Low
39,46321,1207,796515,93563,506797,21,252,Medium
33,135393,585,671091,215438,300599,21,252,Low
34,149649,1636,331813,49926,293004,27,324,Low
43,68834,888,295351,29071,166031,28,336,Low
27,136917,2122,696027,212605,504102,15,180,Low
30,68124,278,607508,75999,324001,27,324,Medium
21,136379,780,532650,57879,373106,20,240,Low
26,38530,1152,432136,94416,232908,22,264,Medium
44,136451,804,309925,83740,262676,22,264,Low
50,77323,2238,305892,57606,159020,34,408,Low
53,56067,697,520046,102007,272969,18,216,Low
58,37343,275,468590,30972,193048,19,228,Medium
54,93618,2077,936459,311334,645113,32,384,Medium
60,139977,101,521306,74534,367767,18,216,Low
53,34506,2412,263523,52099,118963,27,324,Low
45,140672,1816,375736,26654,279383,17,204,Low
23,46322,1649,711539,152813,495321,34,408,High
25,133272,2112,527611,74581,325800,20,240,Low
46,145882,689,689591,157784,504345,23,276,Low
23,147711,2035,210739,66054,84687,27,324,Low
37,109442,544,839418,108814,547711,18,216,Medium
56,47359,664,693710,41073,546028,28,336,Medium
45,139105,1789,861009,75932,525929,19,228,Low
59,96341,1225,648297,169024,374088,28,336,Medium
44,90560,2046,804927,169974,349683,28,336,Low
26,79042,1118,363026,80762,178208,26,312,Low
31,91258,2361,226745,41153,186581,18,216,Low
28,94641,1818,626652,152262,531224,16,192,Low
41,106184,2401,674426,46794,313862,33,396,Low
57,153883,496,798897,108254,644524,25,300,Medium
23,112476,780,512897,100236,232638,15,180,Low
55,62458,631,865228,97436,657521,22,264,Medium
27,88644,213,506516,165075,308259,31,372,Low
50,92288,2499,351961,35240,186459,27,324,Low
46,79206,2175,276781,86486,140964,19,228,Low
26,75573,204,911092,190671,781000,22,264,High
23,99689,829,413851,137199,209134,20,240,Low
26,36282,419,522156,86851,242211,20,240,Medium
24,87776,2230,772135,198584,505766,33,396,Medium
44,47107,2152,721560,101289,291335,19,228,Medium
64,125807,1673,294453,87433,264277,32,384,Medium
21,157894,986,829948,211460,402957,18,216,Low
36,102837,1804,545087,102696,387222,33,396,Low
46,60461,756,631194,181641,386961,22,264,Low
64,106421,547,465324,105832,345173,31,372,Low
55,127647,709,499098,169721,282910,30,360,Low
61,142479,88,267290,35025,230326,21,252,Medium
47,97849,408,774911,116700,401922,29,348,Low
56,81730,308,653828,33519,504486,17,204,Medium
43,149083,806,728724,99437,413941,25,300,Low
46,37296,818,890595,127784,626334,19,228,Medium
46,48379,606,843557,237737,555061,21,252,Low
40,138506,2132,765022,194826,685484,29,348,Medium
42,69280,1091,425450,112226,354859,15,180,Low
38,90662,147,387264,122294,188645,30,360,Low
44,49624,2128,509721,32395,428683,26,312,Medium
37,103086,1155,329795,62179,185061,28,336,Low
54,148068,962,914663,185259,813739,33,396,High
47,120722,1111,268997,83983,220519,32,384,Low
42,47468,1801,314329,39487,280559,34,408,High
21,80903,921,524372,138543,453500,33,396,High
48,80759,1957,555744,121542,329678,17,204,Low
46,71353,1334,489793,88341,313276,19,228,Low
42,129963,1788,460164,104824,210780,32,384,Low
33,130491,220,392132,61936,217395,34,408,Low
27,129845,1463,318876,23880,133002,30,360,Low
52,157643,1218,309995,48830,158572,26,312,Low
62,151810,823,349238,64585,174758,22,264,Low
61,82966,603,222027,51522,184353,23,276,Low
29,34690,521,661176,106727,349876,17,204,Low
39,156718,1966,882580,186232,480547,34,408,Low
50,153125,1128,556016,194028,406814,22,264,Low
54,55247,2443,534569,134914,310373,31,372,Medium
26,157831,2405,211494,25402,165970,19,228,Low
40,90806,911,445452,64363,191828,28,336,Low
34,149928,1924,205339,61278,157661,18,216,Low
51,156154,790,693750,148876,470238,33,396,Low
58,38310,1120,901962,115895,617663,28,336,Medium
63,57780,1916,620084,120691,450546,21,252,Medium
26,129546,311,197879,42389,128998,24,288,Low
47,51314,2474,693707,103953,527016,28,336,Medium
54,138197,2445,585116,184654,369868,31,372,Low
41,140887,763,693032,182134,427642,30,360,Low
47,86405,1427,407050,65960,259134,28,336,Low
49,127106,90,295605,86518,191645,26,312,Low
38,94744,1571,395760,38815,253132,31,372,Low
25,109880,1087,193000,20194,155577,24,288,Low
47,60185,337,728799,184970,382637,16,192,Low
39,50881,1463,306549,55733,198882,20,240,Low
60,100147,119,934663,260656,583579,17,204,Medium
45,112481,178,772189,70907,632510,33,396,Medium
27,106143,22,338146,70473,150296,27,324,Low
40,89944,2333,503226,119638,221818,22,264,Low
62,57267,206,390004,95856,199490,31,372,Low
35,81870,1896,656268,121704,392534,18,216,Low
51,87353,241,415988,27137,303527,32,384,Low
27,97367,579,819093,199195,523019,31,372,Medium
55,99108,1542,650635,171149,372926,33,396,Low
45,44644,396,358976,119297,301055,24,288,Low
38,100536,1191,462537,60555,366492,23,276,Low
55,97014,644,654130,177217,488224,21,252,Low
33,102307,1272,273307,90842,198278,23,276,Low
23,82674,793,762451,148340,538733,20,240,Medium
29,157135,1126,923652,115712,759738,33,396,Medium
53,111603,543,219113,71584,155820,22,264,Low
63,140059,1637,481845,107638,416520,29,348,Medium
62,132044,237,818718,246615,614985,32,384,Medium
56,96962,1977,781601,144620,661723,28,336,Low
58,42268,478,472371,41293,387428,29,348,Medium
61,40021,133,349120,94391,258567,28,336,Medium
31,127821,1657,444173,47197,184897,18,216,Low
24,72487,2106,514921,54547,218722,18,216,Low
26,53085,1206,628113,214897,280740,18,216,Medium
30,71089,1295,773793,78539,611726,24,288,Medium
33,156346,815,386146,115806,288167,21,252,Low
61,109594,1448,593314,85542,252564,26,312,Low
49,102486,1990,705848,100791,386889,23,276,Low
52,67728,306,614261,61782,508896,22,264,Medium
46,70061,801,456406,137810,313668,19,228,Low
50,157599,1063,843601,75304,427486,29,348,Low
31,42157,739,846810,253740,424570,23,276,Low
60,31094,1917,857948,267914,665647,26,312,Medium
24,70676,1649,180311,49002,108896,27,324,Low
29,43611,108,192198,63007,83509,22,264,Low
52,83271,1587,897519,196852,625484,19,228,Low
34,155598,424,454553,142891,346328,26,312,Low
21,46970,316,630583,179989,379374,23,276,Medium
35,96343,2349,830964,57274,741666,18,216,High
57,155122,941,868631,295722,721272,32,384,Medium
58,141937,2468,516089,140523,358534,23,276,Low
43,95341,2480,677758,97617,425453,31,372,Medium
24,156183,1535,615808,107491,252618,25,300,Low
44,40354,1960,407588,87388,351338,21,252,High
51,113872,318,373920,111890,190467,21,252,Low
29,68163,879,900667,311454,483581,27,324,Low
31,157732,215,658207,196434,439588,25,300,Low
29,53962,914,857248,122837,632908,31,372,Medium
40,71453,2321,906096,120466,497604,17,204,Medium
46,157488,1546,706774,166627,342424,17,204,Low
53,94797,743,516393,93315,293270,29,348,Low
40,112336,373,538091,65177,273023,17,204,Low
25,145947,686,768496,75102,648513,33,396,High
33,125242,1587,885586,299830,398596,23,276,Low
42,97097,589,692704,149729,406604,30,360,Low
25,103614,930,791437,133686,690902,33,396,High
24,33970,1861,718816,95156,504139,16,192,High
21,46826,1867,338588,70039,199420,18,216,Medium
27,124107,1458,691970,60056,475482,31,372,High
34,123207,1138,755016,150618,664380,30,360,Medium
62,125294,2293,288532,16085,222294,23,276,Low
56,87801,196,410959,85288,323463,32,384,Low
58,76001,2079,535272,121935,237994,32,384,Low
61,157652,692,831548,59853,543899,22,264,Low
46,84522,661,541563,161007,364560,27,324,Low
43,128914,1057,923602,205996,728740,28,336,Low
29,36533,167,259319,29682,170307,32,384,Medium
21,55265,1302,563870,112704,449171,18,216,Medium
30,127365,623,352757,98673,175735,18,216,Low
27,82831,1424,818873,247583,723625,34,408,High
45,49403,1647,937142,149423,698000,34,408,Medium
61,67523,1152,744256,193085,526539,29,348,Medium
64,76233,114,374450,105984,256412,26,312,Low
25,36241,1113,305328,48024,241482,34,408,High
27,44800,1071,279085,33554,116705,21,252,Low
44,105638,1036,324321,72105,240441,33,396,Low
63,154741,2213,907360,86545,434709,21,252,Low
25,136906,1350,313743,21762,126028,25,300,Low
41,146603,12,903852,313715,468951,29,348,Low
38,132877,1769,622151,69360,493952,20,240,Low
56,103999,2092,742509,62200,501022,29,348,Medium
39,38685,625,481918,122734,419145,18,216,Medium
63,125663,559,903908,128612,543900,27,324,Medium
26,76074,891,545056,39404,476808,26,312,High
47,141056,440,441905,67489,310464,30,360,Low
22,157508,1257,572286,83952,390126,22,264,Low
44,138930,8,507950,54977,374501,21,252,Low
32,132639,2048,561778,89167,366765,29,348,Low
29,115506,1234,259136,59719,120808,30,360,Low
38,147718,423,584424,154433,332793,29,348,Low
31,67964,2444,356120,23221,158747,33,396,Medium
53,45546,318,493556,34697,319169,25,300,Medium
62,35046,1545,692475,68142,324605,18,216,High
52,141517,1919,874275,46754,608838,25,300,Medium
34,76589,1136,218584,64365,114286,25,300,Low
40,124842,1891,829854,172816,573477,34,408,Medium
27,114719,817,435643,144986,356149,26,312,Low
33,137628,353,907976,293062,734209,22,264,Low
57,40933,2114,907121,191543,450541,33,396,Medium
58,98470,749,246464,59056,171403,25,300,Low
31,139352,748,928868,292498,453474,32,384,Low
61,77787,1724,594965,97111,439596,29,348,Medium
62,58796,1987,433508,49546,316874,18,216,High
43,146282,249,711751,79040,431326,16,192,Low
60,117437,2172,511957,42074,344097,25,300,Low
61,130372,1979,596669,136482,396802,21,252,Low
25,153367,927,569058,177403,346209,26,312,Low
45,80991,1913,548178,29826,263649,22,264,Low
57,103146,734,312176,78706,128227,22,264,Low
62,111811,1295,509977,113554,295340,27,324,Low
61,113439,285,232697,38018,177859,22,264,Low
57,31518,170,595529,136767,524529,24,288,Medium
34,37500,422,703803,38738,414288,22,264,Medium
33,101573,2047,257693,20612,220301,34,408,Medium
40,105750,669,625847,161488,394975,27,324,Low
63,121277,317,222438,50261,154690,24,288,Low
59,128844,1475,445956,67014,348929,24,288,Low
56,130878,589,862797,239703,454480,30,360,Low
26,127561,2141,903811,265884,727426,33,396,Medium
34,80234,330,916147,201972,535041,20,240,Low
29,53235,1276,387438,108768,203652,28,336,Low
49,59524,1755,300706,62991,253343,34,408,Medium
56,30296,1224,350319,48573,153516,32,384,High
32,95026,1645,708915,193678,611842,23,276,Medium
22,74752,2061,880925,182105,722215,16,192,Medium
51,95413,1530,181358,24160,92140,16,192,Low
39,130471,2304,254488,83489,197155,28,336,Low
27,108795,243,947350,201415,477131,19,228,Medium
50,145629,91,320964,83825,249285,29,348,Low
58,69924,1754,780393,199451,369445,15,180,Low
40,146272,1742,917333,218001,578880,33,396,Medium
38,110485,2196,255266,69496,226628,16,192,Low
23,115808,175,609943,92512,444273,19,228,Medium
60,36696,1923,756859,143706,599864,17,204,Medium
45,138419,1932,490483,76977,375485,27,324,Low
41,159581,1549,687014,123478,285651,32,384,Low
30,82736,55,800750,94333,593622,28,336,Medium
24,131747,67,255412,82377,138844,22,264,Low
39,156287,562,499757,54902,332323,16,192,Low
26,159417,1840,355323,105922,149771,19,228,Low
64,107085,2251,214220,50938,103009,23,276,Low
61,125676,670,635479,164898,387485,21,252,Low
49,94411,551,623142,87432,336733,34,408,Low
48,127930,1071,810183,170547,661727,24,288,Low
55,95049,1221,847766,200553,559324,27,324,Low
46,139611,286,325680,88890,287223,22,264,Low
46,103129,667,837557,249740,516282,33,396,Medium
36,58311,787,570694,175830,386187,19,228,Low
38,92269,1953,317288,55602,195050,30,360,Low
42,87325,365,315152,66733,163924,16,192,Low
39,75321,2030,286800,40243,163980,17,204,Low
58,67379,1663,879294,223872,560492,31,372,Medium
56,101797,550,592322,136933,471902,31,372,Medium
49,102505,1615,759980,262089,515848,27,324,Low
64,142773,276,812067,100663,470855,23,276,Low
24,96431,2203,522593,116573,294715,16,192,Low
62,76028,161,362391,55721,215976,33,396,Low
50,104341,575,933886,163346,763066,16,192,Low
61,79846,13,357415,106979,263940,21,252,Low
22,134819,2146,780540,191667,559649,23,276,Medium
35,34002,850,811244,265631,556160,16,192,Low
40,68559,411,523703,106019,444600,31,372,Medium
22,81169,172,256718,70732,146105,20,240,Low
40,145141,1480,241431,25390,146766,29,348,Low
25,140240,1889,423437,119621,312548,25,300,Low
37,149522,744,677939,102359,565140,22,264,Low
56,36716,1674,626408,70255,550257,30,360,High
46,141245,973,690850,223950,348773,26,312,Low
58,146816,817,601837,171206,278701,30,360,Low
37,118613,2425,528500,47639,473350,34,408,High
44,44997,788,823749,154790,478351,23,276,Low
39,76224,48,919329,280043,562371,30,360,Low
42,64409,2087,735652,239924,459268,15,180,Medium
56,157627,2090,860410,73249,571885,15,180,Low
32,62940,2408,227366,36598,183991,17,204,Low
58,94370,1981,757236,88288,587071,29,348,Medium
59,53975,398,231140,42878,191457,21,252,Low
27,59430,1656,209178,60958,159516,24,288,Low
42,113055,2298,181212,46345,159479,25,300,Low
63,136159,1062,485077,25842,435613,18,216,Medium
57,118778,276,924205,249413,597461,33,396,Medium
37,158189,2185,389673,29030,216170,34,408,Low
41,82363,2154,563239,102798,273233,21,252,Low
50,40132,188,321301,78765,226384,24,288,Low
21,117728,619,628825,190383,412073,29,348,Low
32,103561,501,645855,80135,563582,23,276,High
37,54329,1497,483145,59591,402577,17,204,Medium
37,105521,17,752743,146110,502222,29,348,Low
39,89973,1284,321764,80034,205249,19,228,Low
37,64238,863,754579,248678,645913,18,216,Medium
33,62678,2099,472834,109959,226111,33,396,Low
44,82126,514,181186,15823,102158,28,336,Low
30,90551,2469,593536,201071,265341,19,228,Low
47,97244,2182,450823,55694,191115,23,276,Low
21,94384,1605,278032,42894,111641,17,204,Low
39,33201,558,632135,67523,437243,26,312,Medium
61,80910,752,652989,43982,339241,22,264,Medium
45,146952,1770,512621,90974,434764,23,276,Low
42,145219,1791,312575,30827,260424,27,324,Low
61,129075,722,331887,48897,284717,25,300,Medium
48,40543,190,771316,59822,525050,28,336,Medium
34,119086,2404,708171,137925,436628,31,372,Low
33,89576,277,304667,76221,212098,28,336,Low
49,101855,2366,420533,24204,275808,32,384,Low
45,83594,1652,666018,169399,371798,23,276,Low
45,88910,733,397296,116878,221481,25,300,Low
31,150629,1788,413594,82179,228948,27,324,Low
49,144729,872,275688,34419,151301,34,408,Low
64,64244,2178,753821,236011,579818,20,240,Medium
25,39228,2057,555607,141980,392163,18,216,Medium
21,143662,523,748148,172282,440993,34,408,Low
27,143871,595,792408,106125,483037,17,204,Low
59,70571,2176,277146,41031,187389,21,252,Medium
28,142889,1148,344856,97552,208533,25,300,Low
34,90608,607,712386,63254,535052,31,372,Medium
59,58119,1376,712518,172784,624431,27,324,High
22,43736,2256,354147,67721,274035,17,204,Medium
45,66391,986,330592,20148,268604,24,288,Medium
34,148012,780,323696,101930,251714,17,204,Low
61,48049,172,596385,138591,352989,17,204,Medium
38,86330,485,760347,58782,332169,18,216,Medium
31,112534,1259,869188,93568,577622,17,204,Medium
33,97362,625,844934,157413,560529,31,372,Medium
31,54259,155,801512,123174,371727,27,324,Low
31,91432,2055,364042,25212,151074,26,312,Low
42,97190,760,710688,108451,438709,34,408,Medium
48,112923,1942,371616,37003,233079,34,408,Low
43,63878,1283,389951,102655,277980,19,228,Low
44,51949,1369,325727,22847,230300,15,180,Medium
62,117508,336,385343,133835,332815,15,180,Medium
54,51994,2338,364027,41838,190205,18,216,Low
49,143911,198,783779,175548,601530,28,336,Low
53,112597,898,614004,112522,371515,26,312,Low
64,38350,2236,875184,225180,674076,34,408,High
52,51391,860,941203,280349,717232,31,372,Medium
37,62854,285,763716,133460,565156,34,408,Medium
39,122349,1351,654744,164550,307513,32,384,Low
60,86202,994,740842,252168,316722,29,348,Low
25,115306,687,745044,165472,347021,31,372,Low
63,120899,11,187142,35771,103017,20,240,Low
59,40209,1807,702594,151435,616159,30,360,High
50,93019,1855,547554,89541,345747,21,252,Low
35,41648,895,808374,105124,402379,27,324,Medium
51,91590,506,323992,51362,150253,22,264,Low
25,46328,2352,724996,85888,578745,34,408,High
45,62752,1762,816136,254693,562610,15,180,Low
48,80396,1463,312958,94082,181227,22,264,Low
55,91347,657,548351,55537,424760,34,408,Medium
32,48196,2242,298480,66272,250465,28,336,Medium
38,79905,2483,647280,37348,278677,23,276,Low
64,39905,1951,708360,89675,445090,23,276,High
42,55976,283,303088,57631,178955,23,276,Low
48,56922,174,901408,77160,474396,21,252,Medium
33,94646,1659,708422,38611,412777,15,180,Medium
31,143827,114,783051,222141,408177,25,300,Low
60,139322,991,393655,115122,174701,28,336,Low
56,43179,2298,899024,269124,711875,18,216,Medium
46,30551,2116,368982,98395,194197,26,312,Medium
34,48300,2403,599244,188956,466860,24,288,Medium
63,63083,623,892615,84912,616840,31,372,High
57,155133,31,281215,27222,217597,17,204,Low
39,98895,1924,611788,112278,544143,22,264,Medium
51,85149,1088,223287,16577,151577,20,240,Low
37,108173,850,357764,124294,201476,16,192,Low
33,102745,273,509474,143308,369731,30,360,Low
38,96463,1965,224824,25645,129235,20,240,Low
40,37028,2475,505266,74830,438695,28,336,High
40,86930,171,421737,43262,335846,19,228,Medium
34,55139,1887,295189,57051,175483,21,252,Low
21,140897,1342,901694,243600,567703,15,180,Medium
61,118534,214,908443,317632,783301,27,324,High
49,132041,1433,773332,171350,481677,21,252,Low
42,53143,162,732859,111590,653480,22,264,Medium
63,113888,2470,765788,57147,480208,32,384,High
46,84895,1320,871757,224764,383622,25,300,Low
50,129309,1821,442674,37012,203851,31,372,Low
48,48685,1322,648116,163763,514436,31,372,Medium
36,126749,1410,448558,40535,227161,16,192,Low
64,136093,62,873818,54543,576550,31,372,High
25,127457,331,330053,62392,171015,19,228,Low
62,151506,525,837280,46439,513673,25,300,Low
54,130502,577,804034,178301,368874,18,216,Low
59,152345,1691,891663,264197,765355,17,204,High
47,112700,1154,296061,89169,119829,23,276,Low
38,130448,1473,937090,182328,404580,26,312,Low
61,111687,857,298478,53087,220084,23,276,Low
46,60842,357,669577,190269,300533,18,216,Low
62,108279,1303,318827,106846,165357,30,360,Low
26,143800,1516,478137,78761,385670,32,384,Low
24,134883,511,875487,171540,586251,18,216,Medium
30,102461,2378,579571,56493,432012,29,348,Medium
48,143344,536,378330,20351,236847,24,288,Low
37,101118,929,606243,164021,451513,17,204,Low
53,118867,2302,544988,148754,392989,32,384,Low
37,69149,1776,184741,53453,85289,21,252,Low
28,120043,1022,656339,85566,341406,29,348,Low
34,135134,1280,425705,127914,237079,32,384,Low
32,88749,39,556138,103441,408591,30,360,Low
40,123151,89,845860,108711,743113,21,252,High
46,75585,2255,243834,44030,149037,31,372,Low
42,39977,1984,823626,243122,724261,15,180,High
38,91098,445,631648,152528,305273,18,216,Low
31,54509,642,760470,218540,492540,19,228,Low
51,67299,141,938870,112745,649777,26,312,Medium
40,143977,1970,885032,257237,431501,27,324,Low
32,57341,610,928596,308263,769067,32,384,Medium
34,41458,2070,426342,42192,176672,27,324,Medium
47,47841,769,266483,78421,222135,31,372,Medium
37,48081,2462,329274,107408,296333,18,216,High
49,79826,981,398905,34220,176365,24,288,Low
35,141525,372,799637,48814,369312,24,288,Low
46,63730,622,280526,21584,112656,33,396,Low
46,127479,265,285122,51695,215815,28,336,Low
31,78676,31,918765,207743,815243,18,216,Medium
38,140947,338,870034,251164,467230,34,408,Low
21,99760,2480,869825,116973,719745,23,276,Medium
25,79770,1791,571598,78473,506989,24,288,High
55,142654,1934,550441,128248,440388,27,324,Low
55,46692,550,459718,131931,195687,17,204,Low
63,100878,481,825282,234368,685860,28,336,Medium
64,74809,852,306106,97974,245780,33,396,Low
33,45528,1131,771520,126742,401751,29,348,Low
42,131854,1591,434133,135962,308398,19,228,Low
38,154151,1702,789097,159798,687803,18,216,Medium
51,127706,802,827416,108577,577088,28,336,Medium
37,120515,954,725375,165415,463135,31,372,Medium
29,125045,160,469519,42857,256836,28,336,Low
36,68637,1651,529375,172036,323269,19,228,Low
35,47342,1931,396428,20347,289250,33,396,High
50,147216,1383,353723,116896,184337,24,288,Low
37,84882,1922,944885,256465,597655,29,348,Low
21,77018,1659,875399,207589,436209,30,360,Medium
39,51089,1585,510310,128485,435270,20,240,High
21,95331,1224,481839,137584,425049,30,360,High
55,88182,1847,560396,188010,463091,28,336,Low
64,47146,2360,257128,41793,139452,22,264,Low
53,141162,98,762320,260559,485293,21,252,Low
22,74128,2457,709156,168148,298371,16,192,Medium
27,78322,1684,791400,152600,598222,32,384,Medium
47,152301,1358,438340,63237,207241,21,252,Low
52,56914,503,724283,208288,423311,30,360,Low
51,150695,554,899309,241709,779377,26,312,Medium
26,152943,188,527553,49519,303772,34,408,Medium
33,45753,1321,843413,88370,596992,22,264,Medium
40,97971,1383,285511,98650,151485,34,408,Low
45,148227,275,614838,210640,371342,19,228,Low
22,148392,930,626770,160444,370499,22,264,Low
44,159417,1036,644215,155834,449592,15,180,Low
34,131833,891,805770,221273,328417,31,372,Low
36,88908,1449,208361,13502,140339,24,288,Low
28,81645,1541,355446,54569,171430,30,360,Low
26,123594,615,619029,208575,326667,31,372,Low
62,122432,1901,914443,93927,547039,23,276,Medium
27,47122,1129,469862,55763,219485,27,324,Medium
28,30985,2119,835934,213847,655812,23,276,Medium
24,116849,1624,704233,216710,547763,22,264,Medium
23,38159,2084,671735,140907,423365,21,252,Medium
61,142986,2248,747553,148843,629752,33,396,Medium
40,142671,746,309195,21164,269159,28,336,Medium
57,88309,2373,915004,59670,765946,24,288,Medium
56,91814,608,848811,258203,399089,20,240,Low
61,109875,2369,892082,116966,377843,20,240,Low
25,126049,1177,423821,123737,255847,28,336,Low
45,107681,1047,918041,220114,374407,20,240,Low
52,68131,1322,378497,99601,159290,20,240,Low
24,140035,1284,744356,38587,483046,32,384,Medium
63,68068,1330,218947,47401,99128,32,384,Low
52,154040,1203,475708,127750,239202,19,228,Low
28,136881,2219,658421,105654,581370,24,288,Medium
22,44240,2421,621031,187166,312253,28,336,Medium
55,61212,1944,572035,98498,507262,28,336,High
36,39897,2077,687744,63713,479287,34,408,High
57,150109,1753,372059,100618,251129,26,312,Low
27,76485,1194,543619,51862,432240,18,216,Medium
62,134787,1401,696221,223540,385831,33,396,Low
29,90493,2021,585943,188241,470205,28,336,Low
64,97268,10,831311,256291,554997,26,312,Medium
28,56159,1828,666462,139762,328537,19,228,Medium
29,121420,260,275814,35428,126473,24,288,Low
25,75299,910,760957,103330,354218,21,252,Medium
60,65788,356,758548,223922,608458,20,240,Medium
35,44079,484,235801,50926,179186,30,360,Low
58,142814,343,311521,26376,212310,26,312,Low
34,99699,1613,533313,87416,366792,29,348,Low
39,153979,1677,858466,278836,562955,21,252,Low
59,35893,1148,597202,130123,275665,22,264,Medium
64,99803,999,547522,80782,436505,29,348,Medium
23,67839,2188,381787,104041,181852,23,276,Low
27,154828,2006,669675,166053,355736,16,192,Low
40,71530,4,720808,211320,336129,18,216,Low
56,107454,2312,692307,215329,298539,20,240,Low
61,126882,1345,858131,178956,349166,17,204,Low
27,122247,1822,206863,44880,162395,21,252,Low
51,143482,1814,599550,98628,497184,29,348,Low
21,94502,2311,504580,146280,445337,15,180,High
40,48088,625,774672,93170,485529,16,192,Medium
49,105696,1689,391995,77957,352441,17,204,Low
22,111437,964,711125,39299,321216,25,300,Low
62,55234,47,432804,149045,361259,21,252,Medium
53,94631,1279,628652,70991,324483,23,276,Low
60,99047,1154,944131,86176,839770,30,360,High
50,139247,275,377880,48435,288891,29,348,Low
36,158902,804,565916,39196,495433,26,312,Medium
37,110070,728,578298,150762,268003,19,228,Low
42,143272,1546,312247,69342,233040,34,408,Low
64,85108,2367,319944,53291,244297,25,300,Low
35,30193,1628,897446,166126,535696,26,312,Medium
28,113701,1281,398545,112763,348796,18,216,Low
44,157505,1787,603509,103126,271040,16,192,Low
43,37353,2035,480131,102307,416470,27,324,High
30,121257,2454,605286,176160,443707,31,372,Low
45,34282,220,900287,310745,464033,34,408,Medium
22,130016,2163,649955,117307,314356,32,384,Low
57,109511,878,555787,43698,263431,29,348,Low
40,89876,1605,744787,48145,566419,17,204,Medium
47,150893,1937,724831,228877,429455,17,204,Low
64,123397,1160,262887,61637,122360,29,348,Low
27,31108,1363,754603,132278,407450,31,372,High
27,38776,1319,404500,96734,173971,24,288,Medium
51,129828,512,416577,132736,207550,33,396,Low
43,67075,222,222121,58660,174611,19,228,Low
39,56171,244,856304,189268,496325,34,408,Medium
62,55010,1543,564103,171199,405089,19,228,Medium
61,119081,2398,698050,127639,443087,15,180,Low
40,76725,1344,772412,149443,342234,25,300,Low
44,143389,770,786977,129046,355887,25,300,Low
64,137093,2029,249593,24043,147897,33,396,Medium
53,134599,2075,834022,127128,502589,17,204,Low
36,37712,2387,716260,237851,344057,32,384,Medium
59,143090,254,738141,218683,633928,34,408,High
42,92894,1462,302436,75883,194303,16,192,Low
57,145602,1273,912965,146325,408568,22,264,Low
41,53088,1899,391355,30602,227282,24,288,Medium
57,40353,2393,589957,97538,295029,25,300,Medium
47,60600,622,713139,72731,525099,30,360,Medium
41,84021,1243,491391,154912,411034,17,204,Low
41,115771,1045,796518,142751,678082,34,408,High
53,103395,2248,287346,19823,127950,25,300,Low
48,70308,1911,676112,80509,467681,28,336,Medium
55,76696,2441,614297,31173,425460,20,240,Medium
49,50062,2269,657258,47354,471572,28,336,Medium
54,115035,912,599945,84792,365527,29,348,Low
30,84577,416,510760,79712,433181,30,360,Low
28,139831,2366,287127,63089,240797,18,216,Low
63,150266,1099,673492,116213,312629,30,360,Low
55,89209,1204,301406,91968,252890,27,324,Low
24,87673,158,567702,85102,479902,23,276,Medium
26,147843,1572,325251,108564,283183,21,252,Medium
36,119016,360,566089,75523,364394,19,228,Low
55,97401,328,884376,125215,775423,24,288,High
33,71482,1432,555462,80741,254565,22,264,Low
24,37279,1091,825182,235983,350505,34,408,High
38,120062,296,309634,54681,194958,24,288,Low
64,47337,2403,206844,36896,111192,24,288,Low
38,56932,321,576087,39515,378308,19,228,Medium
64,45638,702,910864,131385,762194,21,252,Medium
52,120128,1165,584221,162807,291597,33,396,Low
32,79145,1583,322415,70039,142001,29,348,Low
58,138246,979,211494,38451,123432,24,288,Low
57,47046,1179,758189,76234,331468,19,228,Medium
27,108748,121,554406,187400,248997,29,348,Low
63,90806,245,201006,53439,98197,15,180,Low
21,67060,752,377888,30550,312672,15,180,Medium
22,50566,451,572824,99842,458078,19,228,Medium
59,106181,641,775224,62067,328739,32,384,Medium
40,124095,2423,898884,119690,440651,24,288,Low
34,158555,1144,780115,259398,680118,16,192,Medium
60,45296,587,485612,60488,404283,25,300,Medium
56,120294,1924,918276,50273,458346,34,408,Medium
61,75401,2356,395713,53055,340557,23,276,High
38,135237,38,940847,84184,466835,32,384,Low
60,39777,539,191256,52833,87597,28,336,Low
35,40476,1548,653754,207820,554444,20,240,Medium
25,151529,450,484603,152902,236031,18,216,Low
37,38860,307,750294,71123,425751,26,312,Medium
24,66121,92,748203,169431,641630,15,180,High
35,41153,498,644432,81682,468326,29,348,Medium
27,50941,983,517629,58615,401938,29,348,Medium
29,109801,2197,227012,20556,139765,27,324,Low
59,44239,2241,500004,85292,208403,34,408,High
44,147833,414,807358,205820,428816,31,372,Low
38,96190,426,382463,65546,236608,30,360,Low
35,78528,2081,244020,12747,209377,15,180,Medium
38,31040,1305,187645,64967,147001,28,336,Medium
29,136757,667,281371,92667,224413,23,276,Low
50,35385,2384,851002,245019,682188,30,360,Medium
49,33145,2433,650311,34594,461257,24,288,Medium
42,88659,2096,354491,85363,243654,32,384,Low
36,44030,6,921266,241102,567400,24,288,Low
37,91041,370,399879,40067,342178,32,384,Medium
39,97884,595,830478,55917,520639,15,180,Medium
41,51157,291,393880,39630,218198,19,228,Medium
46,131385,1503,198354,29752,175959,26,312,Medium
27,47035,20,436641,25072,388867,22,264,High
22,158833,2434,804247,216879,524456,17,204,Low
26,146454,1748,246467,83053,145563,32,384,Low
23,60815,10,383834,100102,207917,28,336,Low
62,35940,2452,327264,112882,173533,31,372,High
25,67836,952,931752,235830,608648,16,192,Medium
31,92758,1969,509927,123016,453609,15,180,Medium
32,156007,1349,653105,104156,537387,34,408,Low
64,45161,22,850090,280133,426330,31,372,Medium
43,48345,469,736063,177992,312087,25,300,Low
47,155619,2476,647703,189757,571160,34,408,Medium
27,107125,765,898331,312143,476805,31,372,Medium
24,101276,2329,352379,98027,269532,33,396,Low
63,126806,1393,402264,55903,264405,28,336,Low
24,80819,166,325826,87765,261917,23,276,Low
57,133806,1717,778820,172255,366523,32,384,Low
52,135208,1252,714568,149791,331165,16,192,Low
42,111194,516,244437,23887,180027,19,228,Low
39,80503,1727,945060,218233,714808,15,180,Low
38,53490,2344,557081,96344,329157,31,372,Medium
42,98531,2282,554523,69192,377393,21,252,Medium
26,96497,1653,889889,210577,723173,23,276,Medium
42,148201,1059,253607,60637,172526,29,348,Low
32,156808,2466,292659,37789,262605,27,324,Medium
29,84672,2150,815219,268782,600009,22,264,Low
28,117734,2404,825571,97050,506367,29,348,Medium
44,158603,1461,512459,38422,436989,34,408,Medium
26,152347,1741,880119,47666,552084,17,204,Low
26,55843,10,414836,125950,352885,25,300,High
22,72172,2265,833662,247434,460799,27,324,Medium
50,75948,610,818651,219947,669029,22,264,Low
56,98916,1786,882034,150462,518637,32,384,Medium
54,134453,461,340910,64844,258736,30,360,Low
29,94688,606,391094,41548,286994,26,312,Low
33,124696,113,554183,37273,331187,27,324,Low
54,111030,1842,779745,229734,506167,31,372,Medium
53,91670,298,895066,283264,573920,22,264,Low
61,109763,174,799858,212311,356472,17,204,Low
41,158893,958,553745,76959,257157,31,372,Low
56,35208,1162,460828,129834,335578,28,336,Medium
38,93841,18,316685,85275,179859,31,372,Low
35,75868,2338,211706,64102,124506,33,396,Low
60,158811,1383,577152,171582,363000,23,276,Low
26,124384,1186,822227,282284,360378,25,300,Low
35,85385,1493,273657,20262,241689,18,216,Medium
36,101176,277,527850,36598,377395,29,348,Low
54,45683,996,244134,36004,182026,25,300,Medium
45,136202,41,284406,56966,172317,33,396,Low
63,129902,593,807158,182796,702303,32,384,High
36,59530,419,900554,96035,708797,33,396,Medium
34,143443,761,946383,253310,470380,16,192,Low
60,136347,779,925205,164346,647090,26,312,Medium
55,153914,2128,843126,194605,743978,20,240,Medium
49,39666,363,934522,325221,751053,17,204,Low
58,70967,2059,781750,170715,494739,17,204,Low
50,91327,781,772479,250698,432228,29,348,Low
39,91363,2096,847481,64321,532509,16,192,Medium
34,127685,2482,926818,133546,525812,29,348,Medium
63,152072,99,270790,59371,179191,29,348,Low
37,95793,1126,884423,148256,647047,25,300,Low
61,56295,757,896300,99299,520012,34,408,High
60,111562,1833,410933,26805,267643,26,312,Low
62,104758,478,362467,113514,182885,21,252,Low
33,141469,1273,374640,40503,255883,34,408,Low
34,66188,1769,413534,23851,307090,30,360,Medium
63,36305,1551,630022,36156,386271,21,252,High
22,69220,1224,413689,124473,319540,32,384,Medium
36,148302,2465,544941,101172,416156,34,408,Low
55,104590,1527,614669,90483,385127,26,312,Low
29,103584,1782,439692,111258,245519,18,216,Low
54,140984,756,867989,141711,706533,34,408,Medium
61,115174,1236,481755,67739,393404,19,228,Low
32,106219,625,925382,161476,804968,21,252,Medium
25,158034,1019,230231,48633,201330,28,336,Medium
23,92552,649,290791,16683,121981,34,408,Medium
56,79997,615,243496,42263,142096,18,216,Low
23,135931,874,511209,53014,312749,28,336,Low
61,90977,1405,901144,244460,552335,34,408,Medium
57,91670,2410,426726,139737,328272,18,216,Low
29,142003,1785,332130,113300,261805,26,312,Low
64,106171,1097,192127,36565,124846,31,372,Low
