age,annual_income,monthly_debt,property_price,deposit_amount,requested_loan,mortgage_term_years,mortgage_term_months,ltv,approved,max_borrow_amount
59,24324,2514,531157,106084,73559,15,180,0.13848824358899534,0,100407.6
49,96323,2461,138005,28782,571244,25,300,1.5,0,418687.5
35,29111,585,297322,33454,401193,30,360,1.349355244482413,0,126787.5
63,58110,1256,269784,72904,448237,15,180,1.5,0,256973.4
28,36389,1247,647829,134936,494755,10,120,0.7637123376693541,1,160757.7
41,142177,993,103387,127258,538051,20,240,1.5,0,635030.1
59,61427,1435,784268,116668,489439,20,240,0.6240711083456165,1,269533.5
39,99579,571,165457,129184,75517,20,240,0.45641465758475014,1,445364.7
43,48746,2382,224129,21566,521869,30,360,1.5,0,202206.6
31,142883,1245,668316,143262,465466,15,180,0.6964759185774394,1,638491.5
31,107886,2084,723534,43333,265558,35,420,0.3670290546124992,0,467981.4
44,127141,988,397875,126929,526111,35,420,1.322302230600063,0,563835.3
56,20117,277,760218,94571,534282,35,420,0.70280103864944,0,88199.7
60,145808,1219,259761,125263,510014,30,360,1.5,0,647359.2
44,132221,2963,648926,137661,497415,25,300,0.7665203736635611,0,577216.5
23,104471,1887,564814,30235,567039,10,120,1.0039393499452918,0,465590.7
42,132613,483,257558,5159,571396,10,120,1.5,0,595599.3
22,33234,1265,624855,148217,155686,20,240,0.24915540405374048,1,143481.0
44,149597,730,502955,109859,315471,20,240,0.6272350409082323,1,669682.5
64,123864,2239,662092,112507,537602,35,420,0.8119747708777633,0,538580.4
50,73441,1040,450965,144316,263456,35,420,0.5842049826483208,1,321748.5
58,20846,2571,83754,19743,358974,20,240,1.5,0,81466.2
22,30954,917,631332,51101,102446,15,180,0.1622696140857742,1,135991.8
41,99239,2448,147260,126534,458376,25,300,1.5,0,431887.5
53,133689,885,146912,89227,477214,25,300,1.5,0,596290.5
32,66514,2752,336695,76126,190148,25,300,0.5647485112639036,0,282801.0
42,108236,21,612994,61071,81085,25,300,0.13227698802924662,1,486936.0
64,117579,473,426130,79763,367715,20,240,0.8629174195667989,1,526835.1
45,148644,2257,786972,148309,457931,10,120,0.5818898258133708,0,663481.2
69,26469,2353,109725,51154,574006,20,240,1.5,0,107816.1
47,50105,703,216998,12016,440452,25,300,1.5,0,221254.5
62,62101,686,184555,94678,55750,20,240,0.302077971336458,1,276161.7
48,84323,284,341486,117056,390912,25,300,1.1447379980438437,0,377749.5
36,111922,715,660735,59238,561760,30,360,0.8502046962851976,1,498501.0
35,78067,762,765166,63608,85903,35,420,0.1122671420319251,1,344900.7
67,69376,1250,645609,94081,253561,10,120,0.3927470032171175,1,309192.0
64,65587,947,313103,55961,562493,30,360,1.5,0,288323.1
23,56976,2428,495872,31917,477530,15,180,0.9630106156427465,0,247651.2
57,124587,2507,135147,32990,491441,20,240,1.5,0,548607.9
27,147534,1030,695684,67551,478395,15,180,0.6876613519931463,1,660195.0
41,87584,28,522882,85811,555633,20,240,1.0626355468346587,0,393993.6
29,124537,906,555584,60103,468554,35,420,0.843354020274162,1,552806.1
59,98477,2926,380931,111122,535651,30,360,1.4061627958869192,0,422079.3
38,130911,2126,324839,24008,250753,35,420,0.7719300946007099,0,571241.1
24,62533,2994,536162,37402,82101,25,300,0.15312722647259597,0,263434.5
45,21828,2506,626015,141865,52775,35,420,0.08430309177895098,0,77175.6
34,21917,569,175081,141643,540399,35,420,1.5,0,93846.9
29,40618,2006,464865,118550,95619,25,300,0.20569197508954212,0,170745.0
46,52254,1453,672344,96218,302388,20,240,0.4497519127113501,1,228168.6
22,125292,737,738441,138296,462755,25,300,0.6266648249487772,1,559392.0
40,136714,515,769556,125779,115149,30,360,0.14963043625155284,1,611505.0
48,67362,2000,772095,134714,76616,35,420,0.09923131220898983,0,286329.0
67,40128,2444,160102,37441,235639,25,300,1.4718054740103184,0,165912.0
27,143781,38,236570,67368,256903,35,420,1.0859491905144354,0,646695.3
64,131281,886,681153,97122,281318,30,360,0.41300265872718755,1,584385.3
28,79383,2844,767016,49760,402365,15,180,0.5245848848003171,0,346985.1
67,85545,2204,147695,28478,337623,30,360,1.5,0,369083.7
55,102180,1098,511116,132881,411309,10,120,0.8047273026084099,1,457174.8
34,107958,2931,601608,76854,105863,10,120,0.17596674246353106,0,478776.6
37,29865,1823,197235,99230,223115,10,120,1.1312140340203312,0,130017.3
56,22219,1710,520917,90716,545654,35,420,1.047487411622197,0,85621.5
60,59809,973,713065,148252,553323,20,240,0.7759783469950144,1,264470.1
24,136748,1562,99033,103538,458624,20,240,1.5,0,607868.4
22,25287,2896,596409,20372,328495,20,240,0.5507881336465412,0,99890.7
26,146593,2795,746165,34796,185203,35,420,0.24820649588227806,0,636190.5
62,54387,988,771211,103826,297908,30,360,0.3862859839914109,1,237627.9
24,28512,20,631120,125592,242003,20,240,0.38345005704145013,0,128208.0
49,21342,2350,274509,98635,547599,15,180,1.5,0,87579.0
38,83076,868,457869,116022,324597,10,120,0.7089298467465586,1,371758.8
46,128872,83,225016,59040,590023,30,360,1.5,0,579326.4
64,39216,1682,362017,80357,184445,10,120,0.5094926481353086,1,172435.2
54,137512,1976,644660,83356,453551,20,240,0.703550708900816,1,609319.2
30,136682,1410,169464,21211,215129,30,360,1.269467261483265,0,604917.0
56,113070,1530,750739,110426,203837,25,300,0.2715151337548735,1,499635.0
34,99767,569,197322,10842,227597,15,180,1.1534294199329016,0,446903.1
51,117829,933,772111,71852,462736,20,240,0.5993127931087628,1,525752.1
68,46614,1980,527557,130737,528454,20,240,1.001700290205608,0,200259.0
35,56258,1855,496978,50968,495150,15,180,0.9963217687704486,0,246483.0
28,113789,792,704771,22508,337710,15,180,0.4791769241356412,1,509199.3
34,62078,791,603886,59575,546440,25,300,0.9048727740003908,0,274605.0
43,126288,1809,613884,71914,473350,20,240,0.7710740139830978,1,559612.8
60,103524,1294,314627,72055,453561,35,420,1.44158320805271,0,454988.4
41,116573,2539,711827,92697,222257,20,240,0.31223457385010683,0,512391.3
36,32219,2255,622601,111239,274021,10,120,0.44012296800037265,0,139573.5
65,20235,1607,194914,128106,345599,30,360,1.5,0,79487.1
38,62929,1083,627993,10355,558433,30,360,0.8892344341417818,1,275382.9
67,147309,2477,183892,59120,366363,10,120,1.5,0,656945.7
44,87444,984,344167,43342,166841,30,360,0.48476756923237846,1,386413.2
46,28567,1680,723942,7257,219934,15,180,0.30380058070950433,0,122503.5
45,121834,519,270868,32364,136694,30,360,0.5046517122731368,1,544516.2
65,90792,590,160073,116715,287068,30,360,1.5,0,404316.0
61,85441,1050,668717,31654,151407,10,120,0.22641416324095245,1,381964.5
49,104555,1709,184195,86423,543960,25,300,1.5,0,460243.5
35,93698,2035,796987,34320,471594,30,360,0.5917210694779212,0,406989.0
65,144450,2246,113848,25808,286500,35,420,1.5,0,631158.6
21,137248,2434,369910,57389,261144,30,360,0.7059663161309507,0,600091.2
45,25415,348,148099,123581,86683,25,300,0.5853044247429084,0,112279.5
27,56159,959,509276,132927,164091,10,120,0.32220446280602266,1,250413.9
29,63925,1963,149122,39773,167797,25,300,1.125233030672872,0,275884.5
44,146523,692,751447,81396,460834,10,120,0.6132621462325354,1,657692.7
21,25951,1559,653156,112692,580875,15,180,0.8893357788950879,0,111167.1
64,107388,377,723407,62505,374934,10,120,0.518289151197044,1,482341.2
28,28007,2946,496441,90896,343624,15,180,0.692174900944926,0,115425.9
44,146730,2963,348787,23135,335713,15,180,0.9625158047748339,0,649618.2
31,61832,526,566275,95887,514310,10,120,0.9082336320692244,0,276981.6
37,78596,2781,378871,127118,240246,35,420,0.6341102908377786,0,330321.6
28,141101,2253,189079,52377,159373,20,240,0.8428910666969891,0,624140.1
55,50523,2502,96029,67491,173728,10,120,1.5,0,221348.7
55,108861,1259,326353,63283,481058,30,360,1.4740419116723302,0,480809.7
53,144194,1875,487442,21923,576169,35,420,1.182025758962092,0,633123.0
25,106740,1763,274718,52591,438227,35,420,1.5,0,465520.8
62,35524,520,501947,67261,138059,30,360,0.27504696711007337,1,156114.0
59,149028,1701,451602,59336,492136,20,240,1.0897560241097248,0,662461.2
61,39282,1016,148926,79083,248303,35,420,1.5,0,168234.6
48,43930,2773,741357,65948,561162,15,180,0.7569389646283774,0,187702.2
27,20077,1013,397650,31672,523573,20,240,1.3166679240538162,0,85484.1
29,125881,2548,523031,9213,315406,30,360,0.6030350017494183,0,548118.9
28,145501,116,122092,146365,379125,20,240,1.5,0,654197.7
32,40611,2433,404683,67507,131972,10,120,0.3261120432536084,0,176910.3
54,36984,1367,232889,62134,387629,20,240,1.5,0,159866.4
53,34060,583,773221,138172,104722,15,180,0.135436052564532,1,151171.2
68,102985,394,617716,33172,231890,10,120,0.37539905069643653,1,462486.9
43,104056,1087,255006,25132,319045,25,300,1.251127424452758,0,461730.0
44,145329,2768,221330,23199,167473,30,360,0.7566665160619889,0,634050.9
57,63303,71,137775,41609,542239,30,360,1.5,0,284352.3
55,79207,273,347613,144088,320741,20,240,0.9226956414173233,0,355121.1
64,95046,2013,370998,36881,441775,35,420,1.1907746133402337,0,410797.8
60,49287,1343,741616,29472,573260,10,120,0.7729876378071671,1,218568.3
42,113709,337,156256,59131,375437,25,300,1.5,0,509668.5
47,59711,1389,441278,17828,206877,10,120,0.46881331043015967,1,265365.9
55,31954,606,737011,101664,534895,30,360,0.7257625734215636,1,139429.8
21,93340,165,261360,137473,586162,10,120,1.5,0,419634.0
55,92101,1567,426874,20193,493066,25,300,1.1550621494867337,0,405052.5
57,91520,2058,498267,107518,384923,35,420,0.7725235666821202,0,394552.8
67,107062,1324,369530,24611,170062,20,240,0.460211620166157,1,475423.8
34,122974,728,322634,148022,62100,15,180,0.19247816411165594,1,550762.2
23,38574,2848,113787,81240,369165,10,120,1.5,0,166747.8
21,29184,2043,625909,7745,440270,15,180,0.7034089620056589,0,123973.2
25,39096,101,682272,60243,244472,30,360,0.3583204352516298,1,175204.8
46,87728,1415,533008,8866,284196,20,240,0.5331927475760214,1,387984.0
34,54016,778,518469,133681,257609,20,240,0.49686480773199554,1,239337.6
59,31246,213,391955,76354,333006,10,120,0.8496026329553138,1,140095.8
47,65558,1111,110447,56374,323813,35,420,1.5,0,285678.6
29,138721,1576,208046,119397,323022,20,240,1.5,0,616679.7
35,38381,2448,596494,129577,541121,10,120,0.9071692255077167,0,166839.3
35,147796,2635,765614,86029,254720,10,120,0.3327002902245779,0,658758.0
46,56455,2936,721147,98574,331075,15,180,0.45909502500877075,0,243477.9
62,112263,1695,268490,35431,142876,20,240,0.5321464486573056,1,497047.5
33,24018,591,487688,34336,574624,10,120,1.1782615114581454,0,106662.6
52,31302,1333,584409,45992,357680,15,180,0.6120371178404166,1,136060.2
59,87506,1109,607759,60350,232220,25,300,0.38209224380058543,1,387123.0
69,61157,2139,318404,74561,163936,15,180,0.5148679036695519,0,267506.1
52,74917,2720,724600,56955,66279,15,180,0.09146977642837427,0,327334.5
24,112738,713,596595,66240,249737,10,120,0.41860391052556595,1,505609.8
50,116646,935,743689,142227,153751,30,360,0.2067409898492515,1,518175.0
57,103122,1951,245937,51607,416577,30,360,1.5,0,450001.8
43,44519,241,126850,57870,121386,35,420,0.9569255025620812,0,198311.1
59,116809,2043,396364,69110,136124,30,360,0.34343179501670185,0,510930.9
65,107487,1,323306,121895,417894,15,180,1.2925649384793354,0,483687.9
35,76819,2272,173808,9426,386199,35,420,1.5,0,326600.7
63,100910,2848,581597,32606,141911,10,120,0.2440022902456512,0,447259.8
49,140430,1768,741757,33151,520489,20,240,0.7016974561750007,1,623448.6
56,91324,1949,308981,16308,497244,15,180,1.5,0,403941.6
33,25408,2636,602220,95306,271094,15,180,0.4501577496595928,0,104846.4
52,79379,2163,770885,111984,426036,35,420,0.5526583083079837,0,339036.3
27,45053,917,133072,7204,287723,10,120,1.5,0,200537.7
42,29446,2241,688108,97769,383272,25,300,0.5569939602504258,0,119061.0
48,20922,2918,557746,92265,461324,15,180,0.8271220232865857,0,83644.2
22,118723,89,103284,36131,132806,25,300,1.285833236512916,0,533719.5
62,71356,1709,163369,57428,280097,25,300,1.5,0,310848.0
65,30789,2169,667100,38870,247478,30,360,0.37097586568730323,0,122933.7
26,117720,142,350143,108547,537436,10,120,1.5,0,529399.2
48,86656,105,364580,54067,361793,25,300,0.9923555872510834,0,389322.0
48,64028,886,737456,117217,539709,10,120,0.7318524766223341,1,285999.6
64,84484,427,603156,103934,487585,30,360,0.8083895376983732,1,377103.6
64,52154,1328,498495,147980,282204,10,120,0.566111997111305,1,231505.8
40,102870,1895,332164,79707,407546,15,180,1.226942112932166,0,456093.0
50,22336,1994,368345,66215,490980,25,300,1.3329351559000393,0,88548.0
31,123677,316,230787,54429,231871,10,120,1.004696971666515,0,555788.1
48,87779,1986,240381,87152,391558,20,240,1.5,0,385472.7
45,39029,634,750438,113048,548512,10,120,0.7309224746081622,1,174108.9
59,79201,1925,529830,143731,405239,25,300,0.7648472151444803,1,344854.5
53,52265,2056,609393,82240,525278,30,360,0.8619692054224449,0,220389.3
21,122916,2821,436992,118688,344067,30,360,0.7873530865553603,0,532810.8
47,132250,2270,148920,51473,429593,25,300,1.5,0,581505.0
33,136553,1439,647109,101762,544955,15,180,0.8421378778536537,1,609308.1
61,63872,552,730024,111956,285998,15,180,0.39176520223992634,1,285436.8
23,66197,715,621357,123452,521604,30,360,0.8394594411908131,1,292738.5
59,145733,1287,585659,131311,486607,30,360,0.8308708651280011,1,646532.1
26,75180,1713,87531,12006,346629,25,300,1.5,0,328032.0
28,43710,1883,510267,79218,309438,15,180,0.6064236958298302,1,189916.2
47,49486,1107,743096,37430,200528,30,360,0.2698547697740265,1,214716.6
29,91907,1341,743070,28091,518011,15,180,0.697122747520422,1,408753.9
57,148876,110,147155,28989,347698,30,360,1.5,0,669150.0
53,91895,250,666712,80451,359066,10,120,0.5385623777583124,1,412927.5
62,84435,2430,387747,23990,325553,20,240,0.8396015958859772,0,368293.5
64,60631,2054,554013,95270,348783,35,420,0.6295574291577996,0,255585.9
44,149038,458,212503,85360,281182,10,120,1.323190731424968,0,669571.8
35,121532,1107,772841,41081,506843,35,420,0.6558179496170622,1,537595.2
52,40103,207,744917,147105,139037,30,360,0.18664763993840924,1,178973.1
52,84772,899,445446,113272,238487,20,240,0.535389250324394,1,377158.8
44,146108,21,735522,21241,68074,20,240,0.09255195629770421,1,657385.2
61,34382,409,99675,129932,342107,30,360,1.5,0,151774.2
69,104291,894,153997,10939,534672,30,360,1.5,0,462872.7
69,121195,514,228087,118000,66061,15,180,0.2896307110883128,1,543527.1
32,23756,808,566799,40063,501442,30,360,0.8846910456793325,0,101084.4
59,40609,873,599349,52118,209882,25,300,0.3501832821945144,1,177502.5
22,134074,13,220905,89703,503222,30,360,1.5,0,603239.4
23,36478,970,350040,133557,334944,25,300,0.9568735001714089,0,158331.0
69,120978,2134,506188,32076,428336,30,360,0.8461994357827527,0,529036.2
57,59666,2956,391877,49605,552175,15,180,1.4090518198312225,0,257855.4
69,95683,1560,646088,89565,306505,25,300,0.4744013199440324,1,421213.5
37,119097,1324,176044,44121,256548,10,120,1.4572947672172867,0,532758.9
69,144714,1266,347491,36433,512676,25,300,1.4753648295927089,0,643617.0
22,120420,2169,794423,48309,500983,15,180,0.6306249944928584,0,534081.6
22,91315,749,569066,72468,518535,35,420,0.9112036213725648,0,404625.9
48,97834,684,738003,72293,546005,25,300,0.73984116595732,1,436149.0
43,146205,1927,382929,101258,63233,30,360,0.1651298282449227,1,644048.1
57,34153,2356,446008,43405,533236,30,360,1.1955749672651612,0,136725.3
52,129415,694,97073,48527,382597,35,420,1.5,0,576537.9
53,96325,2335,634970,82227,469048,15,180,0.7386931666062964,0,425056.5
21,129701,306,487505,136564,420608,20,240,0.8627767920329023,1,582185.7
39,32999,1989,195359,144883,267314,30,360,1.3683219099196864,0,134174.7
22,75318,2961,146707,98344,587970,10,120,1.5,0,331824.6
64,20814,661,331351,52153,535514,15,180,1.5,0,91283.4
46,135033,548,550670,113042,204455,25,300,0.371284072130314,1,604360.5
52,96077,311,318511,59110,370304,25,300,1.1626097685794212,0,430480.5
26,110474,2920,315718,33328,335810,10,120,1.0636390703095802,0,490125.0
52,22443,1082,669716,117911,370961,30,360,0.5539079251503622,0,93203.1
24,95993,2971,130601,17867,477858,15,180,1.5,0,421272.9
31,95916,1737,475755,64234,546283,10,120,1.1482443694758857,0,427453.2
37,93319,754,575479,30851,584522,30,360,1.015713866187993,0,414506.7
58,145885,34,715775,36279,321365,15,180,0.4489748873598547,1,656360.1
44,129777,444,758029,78402,192482,25,300,0.2539243221565402,1,581332.5
25,37368,2140,544184,20449,51051,15,180,0.09381201946400482,0,160452.0
54,35328,1982,493860,81221,128116,35,420,0.2594176487263597,1,142327.2
26,76942,1230,491961,94080,434370,20,240,0.8829358424753182,1,340335.0
42,111751,352,331924,10451,278931,15,180,0.8403459828153432,1,501612.3
31,119131,902,603394,92178,356901,20,240,0.5914891430806405,1,531759.9
68,47306,1355,329430,68761,569385,15,180,1.5,0,207999.0
36,105451,2909,507737,43870,433152,20,240,0.8531030828952785,0,460566.3
53,59915,1748,202788,101566,573562,35,420,1.5,0,254934.3
29,57219,158,701527,128749,276572,25,300,0.3942428445377013,1,256537.5
26,100879,1977,631216,128765,181379,30,360,0.2873485462979392,1,439721.1
36,131939,956,360466,129881,276256,20,240,0.7663857340220714,1,589136.7
49,84644,2071,530930,133389,470539,35,420,0.8862543084775771,0,363501.6
23,80279,403,430040,30372,559421,20,240,1.3008580597153754,0,359321.1
40,73028,2852,142292,8642,252834,25,300,1.5,0,311514.0
56,124263,515,633343,39064,530441,20,240,0.8375256377665815,1,556711.5
39,20126,2779,385035,19122,277579,35,420,0.7209188775046425,0,67223.4
46,72329,1387,686200,73431,402103,35,420,0.5859851355290003,1,313829.7
23,47632,2579,741948,60745,317136,10,120,0.42743696323731584,0,208154.4
39,127099,955,432680,55081,576249,25,300,1.3318133493574928,0,566215.5
40,85310,2199,348448,144783,586785,10,120,1.5,0,378617.4
52,129945,1712,611633,144271,475767,25,300,0.7778635227334039,1,574480.5
27,75176,2994,240372,81253,185639,20,240,0.7722987702394621,0,323920.8
61,139797,607,171006,41191,70389,35,420,0.4116171362408337,1,623987.7
53,106066,2467,209350,15211,225595,10,120,1.0775973250537378,0,471376.2
60,125500,1273,768725,116086,435946,20,240,0.5671026700055286,1,558639.6
59,146413,2913,286487,106971,373720,35,420,1.3044920013822616,0,634389.3
38,64327,1535,177852,98783,53358,25,300,0.30001349436610214,1,280261.5
60,88904,2625,572092,130681,400679,35,420,0.7003751144920747,0,378018.0
21,23797,2382,218593,92893,551110,20,240,1.5,0,95652.9
31,67882,1441,758841,82960,302557,10,120,0.398709347544479,1,302010.6
48,33718,2979,360618,89388,257596,10,120,0.714318198204194,0,144581.4
45,54560,1797,257832,27601,278129,35,420,1.0787218033448136,0,230425.2
43,96589,294,386773,144227,378953,20,240,0.9797814221778666,0,433239.3
51,42116,754,125232,24710,105805,15,180,0.8448719177207104,1,186807.6
50,56244,1394,428688,113714,212421,25,300,0.49551422013212404,1,244734.0
62,121721,185,540385,133727,257849,25,300,0.47715795220074575,1,546634.5
55,21645,1269,392813,68227,288483,20,240,0.734402883814945,0,91311.3
27,67523,636,289093,141039,442551,15,180,1.5,0,301563.9
36,144085,1291,411328,89289,94041,10,120,0.2286277617862144,1,645284.1
46,137718,529,783305,10722,320146,30,360,0.4087118044695234,1,615922.2
68,39256,2068,93140,86050,381927,30,360,1.5,0,161762.4
69,121376,2958,468612,88596,157524,20,240,0.3361501626078718,0,531993.6
22,120158,2914,687745,71732,268306,15,180,0.39012424663210926,0,530220.6
21,73173,793,618645,148369,594026,15,180,0.9602049640747117,0,326423.7
68,57430,2147,603375,73323,163776,25,300,0.27143318831572405,0,245553.0
32,59282,2799,191672,28816,230494,10,120,1.2025439292124045,0,260051.4
25,139719,477,410817,45695,242971,35,420,0.5914336553745342,1,624728.7
57,83374,1622,725961,60841,327785,15,180,0.45151874549734766,1,369343.8
52,88244,939,669921,133498,391678,35,420,0.5846629677230599,1,389210.4
29,31694,525,700399,112096,318449,30,360,0.45466798210734166,1,138843.0
61,76264,2381,486140,97764,330926,35,420,0.6807216028304603,0,323187.6
55,95060,1,149286,90744,390401,10,120,1.5,0,427767.6
39,117416,374,173269,33482,286371,10,120,1.5,0,527474.4
68,77545,2340,338635,14171,174591,35,420,0.5155728143871721,0,329296.5
36,138195,2884,154071,105755,580799,20,240,1.5,0,608034.3
23,59224,552,530542,113125,550981,15,180,1.0385247539308857,0,264520.8
40,122516,2365,301095,135722,316909,20,240,1.0525216293860742,0,539970.0
44,117945,1525,593317,111082,201426,35,420,0.33949136802080504,1,517942.5
53,33224,1851,110651,8696,336073,15,180,1.5,0,142844.4
44,60738,380,150202,131310,209892,25,300,1.3973981704637755,0,271041.0
31,45150,1646,128777,24149,161576,20,240,1.254696102564899,0,195274.2
69,83731,13,228066,135064,472739,20,240,1.5,0,376727.1
28,69688,503,270706,58521,127525,35,420,0.47108301995522817,1,309370.8
56,119929,2278,704446,50740,63780,30,360,0.09053923224775214,0,523278.9
58,128618,2008,406022,111611,318733,35,420,0.7850141125357739,0,561913.8
60,93509,129,360852,141028,494709,20,240,1.3709470918825446,0,420171.3
40,28577,837,748179,71641,154188,15,180,0.20608437285729753,0,125583.3
55,28070,2938,668158,68811,593597,30,360,0.8884081310109285,0,105161.4
68,146161,2040,613571,68232,75901,35,420,0.12370369525287211,0,640588.5
45,28666,27,765933,20417,474724,35,420,0.6197983374524926,0,128770.2
55,77761,2113,504149,117492,517927,20,240,1.0273292221148906,0,339782.1
45,141178,1252,610062,35099,599752,20,240,0.983100078352692,0,629291.4
49,56368,260,283127,148674,328404,25,300,1.1599176341359179,0,252096.0
38,26783,2046,222055,123474,347584,35,420,1.5,0,103337.1
66,131530,1472,700756,14256,407226,20,240,0.5811238148513891,1,584819.4
38,61914,1447,605069,39681,436350,10,120,0.7211574217155399,1,275140.2
22,90507,459,194586,96328,222502,30,360,1.1434635585293906,0,403976.7
55,147738,300,529916,48361,557994,10,120,1.0529857562330633,0,664101.0
36,99026,2966,369768,39540,256486,30,360,0.693640336643517,0,424261.8
61,135893,2334,611111,89700,499777,35,420,0.8178170577849196,0,591912.9
56,131255,629,622777,83532,191449,25,300,0.307411802298415,1,586873.5
53,130616,269,251033,132626,188419,20,240,0.7505746256468273,1,586480.8
24,87526,2639,592880,138943,345920,20,240,0.5834570233436783,0,381199.8
53,90835,1993,371262,51002,185370,20,240,0.499296992420447,1,399191.1
34,65765,1628,180417,54812,498377,35,420,1.5,0,282267.3
41,39956,1801,161816,113946,541830,30,360,1.5,0,166834.8
68,107895,2891,757623,71668,293767,20,240,0.38774826001850526,0,471650.7
40,66240,861,355709,104003,595210,10,120,1.5,0,296013.6
28,141008,1280,755714,47998,477244,20,240,0.6315140383795986,1,628392.0
27,57148,2180,254023,109601,554677,35,420,1.5,0,238854.0
23,114270,1799,627936,12812,463532,25,300,0.738183509147429,1,503421.0
37,147978,1706,523945,66844,460184,10,120,0.8783059290574392,1,661806.6
53,24757,2560,121971,138251,568895,20,240,1.5,0,99118.5
68,39097,2360,98658,79601,276817,20,240,1.5,0,164608.5
32,30395,575,101253,144347,467216,15,180,1.5,0,134707.5
42,36241,2933,537382,52857,52866,30,360,0.09837694600861212,0,141966.9
42,123892,2003,259635,130555,162669,10,120,0.6265295511005835,0,552706.8
66,47696,1307,237462,25700,330539,15,180,1.3919658724343262,0,209926.8
50,135654,1956,430808,98330,316150,25,300,0.7338535960334999,1,598707.0
58,90480,2734,786938,149941,493258,30,360,0.6268066861684148,0,387475.2
58,66163,2020,290097,68353,539415,10,120,1.5,0,292885.5
65,39816,2212,708138,105772,407820,20,240,0.5759046965421994,0,168554.4
28,69840,2352,742212,96502,538029,10,120,0.7248993549012951,0,308635.2
47,122547,1655,600498,118943,222646,20,240,0.37076892845604814,1,543517.5
47,72853,1579,306058,114850,343561,30,360,1.1225355978278626,0,316469.7
54,44917,1847,737911,50095,400164,20,240,0.542293040759658,1,193260.9
41,116731,2203,665289,20523,395783,25,300,0.5949038688449682,0,512071.5
50,41566,1390,260231,67433,508222,35,420,1.5,0,175371.0
53,95452,1742,202775,24991,144881,20,240,0.7144914313894711,1,421172.4
48,82823,1925,637531,15775,292934,25,300,0.4594819702885036,1,361153.5
67,141392,619,757160,89995,182659,35,420,0.2412422737598394,1,631064.4
53,40806,1274,399972,127808,551323,30,360,1.3784039882791796,0,174454.2
25,95520,956,341716,142686,229689,30,360,0.6721634339627058,1,422956.8
68,21759,1939,480455,12415,384517,10,120,0.8003184481377028,0,93261.9
39,146092,2381,348854,42044,215289,25,300,0.6171320953751426,0,643128.0
24,61949,968,494600,54976,333028,25,300,0.6733279417711282,1,272962.5
55,112374,2558,251918,8832,317598,15,180,1.2607197580164975,0,496474.2
69,22482,1316,299055,39148,152421,15,180,0.509675477754928,0,96431.4
37,44442,1043,380135,117230,288245,35,420,0.7582700882581188,1,191227.8
64,53719,281,480187,90076,97111,35,420,0.20223579563794938,1,239375.1
48,78066,2844,502355,43402,482829,15,180,0.9611310726478287,0,341058.6
50,113501,2166,288139,43578,266750,35,420,0.9257684659140206,0,492560.1
49,22079,1058,160257,95453,170592,20,240,1.0644901626762013,0,94277.1
66,22717,197,557958,80715,284000,15,180,0.5089988852207514,0,101517.3
26,79676,2532,86530,116435,372137,25,300,1.5,0,343350.0
55,47952,1082,353260,100742,178652,20,240,0.5057238294740418,1,210590.4
61,106444,2884,670082,50475,558069,35,420,0.8328368766807644,0,454772.4
57,62460,1184,290545,65142,267516,30,360,0.9207386119189799,0,272545.2
44,110397,1008,737258,98526,429653,10,120,0.5827715670769256,1,494367.3
49,92847,2738,608423,56001,111602,15,180,0.18342830563604598,0,407954.7
69,113607,1229,451616,62649,253117,30,360,0.5604695139233331,1,502382.7
66,109106,1035,558336,149228,287069,35,420,0.5141509771893626,1,482283.0
51,38449,489,693375,30711,291084,25,300,0.4198074634937804,1,170086.5
55,53536,275,359215,35106,292318,10,120,0.8137689127681194,1,240252.0
53,84077,2740,100074,70458,434794,30,360,1.5,0,358618.5
41,58258,2289,672131,135429,99420,10,120,0.1479175934453254,0,256667.4
52,68302,1239,119901,106754,576750,15,180,1.5,0,302898.6
43,145937,1274,353349,143286,321604,35,420,0.9101596438648475,0,646014.9
53,48865,125,475807,131479,172672,25,300,0.3629034461451807,1,219142.5
23,26645,216,667275,141213,509158,35,420,0.763040725338129,0,118088.1
38,139771,1208,422829,33884,385064,10,120,0.9106849340986546,0,626070.3
45,58000,1246,452598,7708,563953,30,360,1.2460351128374407,0,252028.8
62,46737,2542,447631,23375,467582,15,180,1.044570192859744,0,201165.3
51,31485,2474,658688,20088,94036,15,180,0.1427625825884182,0,132776.1
23,58565,918,236222,62615,198441,35,420,0.8400614676025095,1,255831.3
60,45522,1317,111852,115138,192867,30,360,1.5,0,195366.6
66,139614,2198,593012,15014,120021,30,360,0.20239219442439613,0,612437.4
44,85155,2431,457501,139345,419349,10,120,0.9166078325511857,0,377363.1
52,75168,1661,723340,107842,511370,35,420,0.7069566179113557,1,324303.6
67,72487,307,136481,83077,472641,35,420,1.5,0,323612.7
42,149948,1359,113691,144784,387283,20,240,1.5,0,668242.8
43,32342,1969,474341,57874,579656,35,420,1.2220238183079262,0,128999.4
22,60806,2793,278137,74087,441180,15,180,1.5,0,263572.2
47,68770,891,630458,17297,503510,10,120,0.7986416224395598,1,307326.6
62,98623,374,612726,32128,450782,30,360,0.7356991542712403,1,441110.7
22,123177,2033,751514,73368,62306,35,420,0.08290730445474069,0,537219.3
46,119785,1364,481220,83958,74042,10,120,0.15386309795935332,1,535758.9
37,95629,128,135426,37920,458302,35,420,1.5,0,429255.3
60,140993,1014,319968,147228,232690,30,360,0.7272289728972897,1,627167.7
53,72603,1799,368963,147180,199395,25,300,0.5404200421180444,1,315919.5
29,146944,2716,575384,138872,592307,30,360,1.0294116624723664,0,641692.8
63,132726,1381,601121,138682,359143,30,360,0.5974554207888262,1,587323.8
68,101974,516,235289,82603,112780,30,360,0.4793254253280009,1,455167.8
59,125947,1518,341501,38872,438422,35,420,1.2838088321849717,0,554010.3
49,46399,85,599165,15728,493441,20,240,0.8235477706474844,1,208387.5
62,148177,1198,299780,100102,150706,30,360,0.5027219961304957,1,658170.9
46,105382,2358,375138,127049,172019,15,180,0.4585485874531506,0,465730.2
55,101244,1142,750396,25583,421852,15,180,0.5621725062500333,1,451486.8
45,129575,2474,177756,90774,229001,10,120,1.288288440333941,0,577149.9
44,135520,1993,522632,143335,150260,20,240,0.28750631419430883,1,600273.6
33,130904,2161,175665,131374,220863,10,120,1.2572965587908804,0,583881.6
27,96534,302,736005,96118,369674,15,180,0.5022710443543182,1,433315.8
56,75106,2791,242002,70942,490015,15,180,1.5,0,327929.4
65,132599,587,341691,18689,146143,25,300,0.4277051488040364,1,593173.5
40,50678,986,686123,38276,194771,30,360,0.2838718422207097,1,220951.8
21,96218,1863,202232,106968,556713,15,180,1.5,0,426274.2
28,83230,344,525358,18050,161362,35,420,0.30714674564772976,1,371645.4
66,134684,813,323051,71216,340951,35,420,1.0554092078340571,0,599248.8
36,94055,1987,237547,89040,226298,10,120,0.9526451607471363,0,418478.7
34,76373,2848,492104,26644,523288,10,120,1.0633687188074066,0,336843.3
32,51480,1310,648020,67021,315702,30,360,0.4871794080429616,1,222228.0
43,105230,1999,388449,47291,362257,30,360,0.9325728731442223,0,459142.2
35,88836,1677,781397,137610,108219,25,300,0.13849426091986533,1,389700.0
48,92258,1327,613634,46520,286495,20,240,0.46688253910311356,1,408791.4
54,59986,1092,92763,30675,331373,10,120,1.5,0,267316.2
22,44160,2408,270237,5174,239073,30,360,0.8846790039853906,0,181382.4
52,105595,1009,509332,97268,409281,10,120,0.8035642763462731,1,472755.9
43,121358,703,725275,39998,197878,30,360,0.2728316845334528,1,541049.4
42,99111,574,296823,148184,269707,15,180,0.9086458933438446,0,443933.1
45,84929,1608,171353,110410,291249,10,120,1.5,0,378321.3
42,93506,1112,301373,80225,87034,15,180,0.28879163030530275,1,416773.8
42,54911,687,437792,49814,221389,10,120,0.5056944850522622,1,245450.7
69,107127,2828,629844,90091,462310,20,240,0.7340071509770674,0,468497.1
62,51821,2632,622387,55719,60589,25,300,0.09734939836468307,0,217402.5
26,95039,2636,451233,134887,107221,35,420,0.2376178160728493,0,405533.1
35,80535,488,256168,38919,305927,35,420,1.1942436213734737,0,358308.3
63,133453,1347,748590,78155,410444,35,420,0.5482894508342351,1,589223.7
57,104458,493,502225,76569,315308,15,180,0.6278221912489422,1,468286.2
53,32175,1667,282041,46328,143078,30,360,0.5072950386645914,1,132785.1
28,139235,1637,113866,29618,514761,35,420,1.5,0,612806.7
64,74771,18,185400,39675,559668,20,240,1.5,0,336383.1
64,126660,2444,419119,23919,239651,35,420,0.571797031392039,0,549440.4
25,147157,1000,515071,9173,550741,10,120,1.0692525884780932,0,659806.5
59,141300,850,423701,114369,118207,15,180,0.27898683269569813,1,632790.0
24,106925,1388,217488,31400,384199,10,120,1.5,0,477831.3
26,133374,1354,676804,75305,390414,10,120,0.5768494276038558,1,596933.4
65,86358,1367,266987,93791,161426,10,120,0.6046211987849596,1,385330.2
52,37327,821,491274,75533,561081,25,300,1.142093821370559,0,163045.5
50,67057,454,513934,108591,184794,25,300,0.35956757093323266,1,299032.5
67,26150,1624,374746,146650,407776,30,360,1.0881396999567707,0,105982.2
55,24425,2772,547874,136060,595726,15,180,1.087341249995437,0,99933.3
60,143654,710,551328,44194,93856,20,240,0.17023622961286203,1,643035.0
36,36032,2190,269139,114903,476792,20,240,1.5,0,151632.0
33,22198,916,238588,136461,492244,20,240,1.5,0,95494.2
62,80500,2875,733583,104303,109807,10,120,0.1496858569514288,0,355350.0
50,73394,2652,692257,118903,540999,25,300,0.7815002231830086,0,314361.0
39,40079,1496,736449,72391,93461,15,180,0.1269076337940577,1,174969.9
37,56220,1440,285735,149866,395280,10,120,1.3833797049713896,0,249534.0
39,61874,304,745847,63002,332579,25,300,0.44590780682901454,1,276609.0
48,33859,735,342299,40531,457407,25,300,1.3362791010198687,0,147955.5
46,70460,2338,203950,9986,304730,35,420,1.4941407207648933,0,297430.8
57,51419,1963,409638,37298,296732,35,420,0.7243761565089176,1,214896.3
46,138865,2149,680517,6481,470602,15,180,0.6915359939575352,0,617156.1
43,28705,2009,184648,61408,325848,15,180,1.5,0,121940.1
29,62880,2914,118547,126950,106635,15,180,0.8995166474056703,0,272469.6
32,149838,2889,633083,130355,402854,10,120,0.6363367836444827,0,667337.4
21,43236,961,266368,32798,295984,30,360,1.1111845266698703,0,187642.8
21,107955,2989,625735,96649,375137,15,180,0.5995141713345106,0,475037.1
67,105514,1026,771958,69887,162752,35,420,0.21083012288233297,1,466194.6
54,123145,2132,336190,24477,261194,30,360,0.7769237633481068,0,538802.1
52,35358,2375,286402,132815,278584,10,120,0.9727027045900517,0,153411.0
68,119713,2863,332419,132426,468632,30,360,1.4097629798537388,0,518094.9
45,114914,1473,659365,147961,182886,20,240,0.27736686054006504,1,510042.6
60,122870,2501,192782,29335,128537,30,360,0.6667479328982996,0,534907.8
65,96918,1947,707220,147326,135166,15,180,0.1911229886032635,1,429121.8
21,139179,2676,523316,91610,425854,10,120,0.813760710545827,0,619883.1
36,136243,1177,452013,16442,347843,15,180,0.769542026446142,1,608856.3
59,34596,664,390925,51289,358479,35,420,0.9170019824774573,0,150104.4
25,53572,11,266339,58747,347883,20,240,1.306166201720364,0,241021.2
42,98757,1156,555595,42327,213052,35,420,0.38346637388745397,1,434696.1
49,21279,303,497168,77827,537918,15,180,1.081964245486435,0,94664.7
23,83197,1763,178696,111464,444825,15,180,1.5,0,368039.7
32,131496,2830,583650,136184,116253,15,180,0.19918272937548187,0,581544.0
46,82516,42,130939,92051,528697,25,300,1.5,0,371070.0
36,27083,943,791886,64722,211081,20,240,0.2665547818751689,0,117347.1
57,140674,2390,221521,97036,187854,15,180,0.8480189237137788,0,624429.0
42,140307,1349,654578,71960,469149,15,180,0.716719779766506,1,626525.1
49,146457,2545,415098,24552,162138,35,420,0.39060173742104276,0,637678.5
34,129397,2411,672278,146880,362916,35,420,0.539830248795885,0,562034.1
48,37771,890,663098,5887,90149,15,180,0.13595124702532657,1,166765.5
25,49975,2474,722650,36802,398844,10,120,0.5519186328097972,0,218949.9
67,65648,1004,556513,90024,528928,25,300,0.95043242475917,0,289392.0
69,145641,20,226295,123639,178447,35,420,0.7885591815992399,1,655216.5
50,68285,406,545453,123248,511693,10,120,0.9381064913017254,0,306308.1
66,39063,2666,737957,86938,55695,25,300,0.07547187708768939,0,159787.5
25,87642,1014,344803,127746,228296,15,180,0.6621056081298596,1,390738.6
32,110093,335,166516,31049,416645,20,240,1.5,0,493810.5
36,134390,1838,154567,82789,372554,30,360,1.5,0,591521.4
46,106143,1147,206498,89526,415898,30,360,1.5,0,469385.1
46,57599,2446,782098,143918,403039,15,180,0.5153305595973906,0,250389.9
68,71920,2840,544894,51220,362849,35,420,0.6659074976050388,0,299784.0
41,48529,1827,616397,51163,242994,10,120,0.39421671422800564,1,213995.7
59,55954,714,364154,139837,427844,20,240,1.1748985319397838,0,248365.8
56,47856,50,219544,122126,51881,25,300,0.23631253871661262,1,215052.0
53,22573,323,326183,86486,359509,15,180,1.1021696409684134,0,100415.7
50,98344,788,758743,80277,571144,20,240,0.752750272490158,1,438765.6
57,55367,140,403853,109245,129211,20,240,0.31994562377894925,1,248479.5
43,122337,469,543001,127332,206078,35,420,0.3795167964699881,1,546576.9
30,126732,786,114518,27931,353342,25,300,1.5,0,565578.0
25,119608,1825,133909,94116,475659,20,240,1.5,0,529476.0
56,80774,1357,595693,60633,277203,35,420,0.46534540442811984,1,352084.2
54,43752,1916,619570,56913,89553,10,120,0.14454056845876978,1,192285.6
51,75029,963,558082,99776,557353,35,420,0.9986937403464007,0,329541.3
30,37685,372,319017,30991,448138,10,120,1.4047464555180444,0,168689.7
39,71693,2541,494994,109092,82766,10,120,0.1672060671442482,0,316520.1
52,136739,1692,532891,146633,324349,20,240,0.6086591817088297,1,607203.9
21,75961,2798,549164,100556,529806,35,420,0.9647500564494396,0,318321.3
25,126937,1179,783814,67875,204599,10,120,0.2610300402901709,1,568386.9
65,144956,2338,108365,67120,461659,25,300,1.5,0,638274.0
24,96908,1671,545982,138060,459740,20,240,0.8420424116545967,1,428065.2
36,145537,105,521416,115041,428621,35,420,0.8220326955827976,1,654034.5
44,146678,1443,353146,133467,78202,35,420,0.22144382210190686,1,647929.8
36,94532,2717,356091,123490,489358,30,360,1.3742498406306254,0,405831.6
22,101994,1681,290294,131155,70855,35,420,0.24408013944483867,1,444852.6
69,76133,1,196219,33230,526963,20,240,1.5,0,342593.7
48,117425,2636,420754,64778,361385,25,300,0.8588985487957334,0,512596.5
52,145055,2691,660595,50833,511595,35,420,0.7744457648029428,0,630143.1
47,81268,2137,215565,27625,144837,30,360,0.6718947881149537,0,350319.6
40,112201,349,392229,37088,273068,20,240,0.696195334868151,1,503229.3
44,58243,1286,638516,108937,406427,10,120,0.6365181138765512,1,259007.1
32,77384,1062,504871,81361,173805,15,180,0.34425625555835054,1,344404.8
55,51653,2956,647760,93229,165657,15,180,0.25573823638384585,0,221796.9
53,46657,2206,217888,140189,154428,10,120,0.7087494492583346,0,204662.1
53,59952,2359,157175,95265,172035,35,420,1.094544297757277,0,249968.4
63,42180,444,668595,102718,495563,15,180,0.7412005773300727,1,188211.6
57,117432,2345,388877,65710,280780,15,180,0.7220277877066528,0,520002.0
32,141829,951,175028,99876,119518,10,120,0.682850743880979,1,635948.1
23,148377,35,589666,35949,226355,35,420,0.38386985174658195,1,667402.5
21,98411,1107,222312,73136,170243,35,420,0.7657841232142214,1,433550.7
53,21622,1475,571450,116541,446308,10,120,0.781009712135795,0,93759.0
60,68756,1798,172493,66842,103311,35,420,0.5989286521771898,1,294298.8
30,60809,1845,205149,31990,72692,35,420,0.35433757902792606,1,258142.5
63,36725,1408,282435,35109,442179,20,240,1.5,0,158504.1
64,81396,1195,243834,135356,271468,20,240,1.1133312007349263,0,360546.0
49,71226,1399,350403,133133,391651,10,120,1.1177158871356696,0,317159.4
33,126296,1708,261211,6306,130152,25,300,0.49826385565692105,1,558084.0
32,101182,1385,356993,8849,513685,15,180,1.438921771575353,0,450333.0
51,102565,2606,423912,17360,579214,20,240,1.3663543376927287,0,449033.7
66,49402,2938,448252,116072,53969,15,180,0.12039879353577898,0,211732.2
22,24263,2188,397013,99767,85733,30,360,0.21594506980879719,0,93429.9
55,143489,2934,143095,59330,381999,10,120,1.5,0,638658.9
43,116523,1300,197886,56707,91743,25,300,0.46361541493587216,1,516553.5
37,66828,2773,559926,23689,220948,30,360,0.39460214385472364,0,280760.4
46,140824,1243,365711,34084,70323,30,360,0.19229118074107698,1,624758.4
28,67924,520,115292,45387,573293,35,420,1.5,0,301290.0
49,94182,1806,154813,79816,328572,30,360,1.5,0,410815.8
46,113065,9,701424,7642,551793,10,120,0.7866753917744475,1,508770.9
30,79052,983,655919,47137,376284,20,240,0.5736744933444526,1,351015.6
46,31664,2425,89885,67260,318508,10,120,1.5,0,136668.0
54,55737,1656,265378,53442,441011,20,240,1.5,0,242867.7
61,121332,1660,407231,108061,478565,30,360,1.1751683933688741,0,534042.0
27,109563,2729,502381,139066,226968,30,360,0.45178460172657803,0,473384.7
24,49373,2631,540244,130844,107062,25,300,0.1981734179370803,0,206392.5
65,137369,2199,654100,104575,278338,20,240,0.4255282066962238,0,607605.3
31,56397,719,785860,6813,277909,30,360,0.3536367800880564,1,248609.7
49,148575,1072,552367,98027,556995,35,420,1.0083784874911064,0,659582.7
56,106145,858,400787,128489,138302,15,180,0.3450760628463498,1,474563.7
45,121371,1316,124900,89381,577409,25,300,1.5,0,538273.5
41,58709,1603,516162,60276,133793,10,120,0.25920738062856236,1,260343.3
56,136074,49,481067,46243,337635,25,300,0.701846104596657,1,612039.0
30,81120,2711,152692,65272,578036,15,180,1.5,0,355280.4
57,39250,2578,540796,70618,166547,20,240,0.3079664050769606,0,164250.6
29,41172,2904,480584,6920,94331,10,120,0.19628410433972002,0,178304.4
44,31555,145,126403,111121,447891,10,120,1.5,0,141649.5
55,107410,914,695458,81872,550201,20,240,0.7911347629907198,1,478957.8
69,98617,1462,392023,86132,552237,25,300,1.4086852046946226,0,435004.5
55,73276,2289,139871,7093,60068,30,360,0.42945285298596564,0,313261.2
68,77492,580,562604,17905,338350,25,300,0.6013999189483189,1,345234.0
56,73002,2734,571862,126759,72337,15,180,0.12649380444932518,0,318666.6
38,140103,1584,112174,35981,201738,35,420,1.5,0,617157.9
69,144938,482,303563,78903,297667,30,360,0.9805773430885846,0,648750.6
59,109599,1249,217653,75821,564241,25,300,1.5,0,485701.5
52,92355,672,190155,114200,402215,35,420,1.5,0,409952.7
44,111248,630,413997,87289,148064,35,420,0.35764510370848096,1,495324.0
43,44762,2708,391822,121506,418655,20,240,1.0684826273154646,0,188430.6
52,31046,661,581608,83513,532605,15,180,0.9157456568685438,0,137327.4
57,116999,2852,207795,143746,457974,15,180,1.5,0,516228.3
32,144130,2466,168668,55516,508996,15,180,1.5,0,639707.4
69,136021,987,749927,74212,577466,30,360,0.7700296162159783,1,604988.1
33,48769,1546,553620,138498,183248,10,120,0.3309996026155124,1,215750.1
43,73302,649,700307,135970,153306,30,360,0.21891256263324513,1,325186.2
45,43150,968,633091,95009,214726,25,300,0.3391708301018337,1,188367.0
55,88247,2637,753590,49816,424169,35,420,0.5628644222985973,0,374960.7
61,24853,1100,753222,9138,140417,35,420,0.18642179861979602,0,102598.5
50,114613,2556,516571,96176,478638,10,120,0.9265676935019581,0,509624.1
37,140900,440,310147,80945,61984,25,300,0.19985361780059133,1,631410.0
69,109399,920,635083,9017,139312,10,120,0.21936030408623755,1,490087.5
40,41792,769,587820,15451,242458,35,420,0.41246980368139907,1,181604.4
68,79129,1343,350914,98863,133291,30,360,0.3798395048359427,1,346410.9
45,126019,1826,615381,15278,574608,15,180,0.9337434857429787,0,560511.9
42,94478,262,473409,48764,537387,35,420,1.1351431848570686,0,422950.2
33,133811,1577,442455,128030,465105,20,240,1.0511916466081297,0,594579.9
39,134130,2684,359713,137206,410215,15,180,1.1403952595541444,0,593922.6
69,87298,2506,778112,67943,305083,35,420,0.39208108858364865,0,371790.6
56,51987,998,767687,100667,91777,30,360,0.11955002494506224,1,226755.9
32,35850,699,384214,59318,96250,10,120,0.250511433732243,1,159647.4
61,32112,2349,644485,108423,352274,15,180,0.5465976710086348,0,136047.6
39,141789,1603,606549,108998,525147,30,360,0.8657948492207554,1,626508.9
32,44058,1241,237584,65128,65216,25,300,0.27449659909758234,1,190815.0
29,65420,1125,428939,26869,396293,20,240,0.9238912759156896,0,288990.0
27,58890,2601,371077,10039,577297,15,180,1.5,0,255641.4
48,86017,2335,739738,117935,195281,10,120,0.263986708807713,0,381472.5
34,67304,1190,644871,15442,589317,25,300,0.9138525379494503,0,295728.0
51,52921,2668,454226,78788,510829,30,360,1.1246141788448922,0,218934.9
39,125921,1005,764393,124729,238069,20,240,0.3114484303231453,1,561820.5
67,21524,35,497216,32586,414315,10,120,0.8332696453855065,0,96774.0
36,120424,743,191032,58053,164456,30,360,0.8608819464801709,1,536558.4
25,35048,1764,286940,91346,374703,30,360,1.3058583676029831,0,145015.2
55,55111,352,384748,72087,432688,15,180,1.1246010375622486,0,246732.3
32,57904,1922,541552,148697,419484,15,180,0.7745959760096907,1,253648.8
45,74912,72,306727,39397,83783,10,120,0.273151695155627,1,336931.2
41,54008,2695,153869,63671,84152,35,420,0.5469067843425252,0,220398.0
56,20060,1376,791404,121214,494718,35,420,0.6251143537308379,0,78711.6
43,94666,1914,798675,71897,198725,30,360,0.24881835540113312,1,412216.2
36,103559,1093,282416,141355,541215,15,180,1.5,0,462080.7
59,75337,2472,691004,143682,221541,20,240,0.3206074060352762,0,327150.9
65,130616,707,658533,19924,398627,20,240,0.6053257771440459,1,584378.4
62,33350,1804,647344,118143,371898,30,360,0.5744982574952421,1,137086.2
59,44354,2608,490925,115253,137592,15,180,0.2802709171462036,0,190204.2
34,65186,2875,400701,105297,406687,10,120,1.0149388197184435,0,286437.0
51,48145,955,359687,5869,93169,10,120,0.259027988223094,1,214360.5
25,54020,2564,510634,102088,491503,10,120,0.9625348096679813,0,236936.4
55,106123,2475,576507,6014,104745,20,240,0.18168903413141557,0,465673.5
43,126667,159,489940,15103,71067,15,180,0.14505245540270237,1,569429.1
49,95186,2196,345972,115317,101033,15,180,0.29202652237753346,0,420431.4
63,105469,2823,196656,87409,95256,20,240,0.48437881376617037,0,461060.1
31,40581,1735,97087,28248,289455,10,120,1.5,0,178450.5
38,108929,1585,373481,13024,552264,10,120,1.4786936952616063,0,486376.5
67,43051,66,216554,90947,250417,30,360,1.1563720827137804,0,193254.3
32,71474,2428,565757,96829,136803,35,420,0.24180522733258272,0,301237.8
29,111748,57,262024,97708,253814,25,300,0.9686669923365798,0,502524.0
30,145995,341,216535,91664,168843,35,420,0.7797492322257372,1,654113.1
64,134618,1153,674736,148927,529809,15,180,0.7852093263142919,1,601630.2
37,89626,2774,608936,90178,262603,15,180,0.4312489325643417,0,393330.6
58,26960,1195,472720,106121,422119,15,180,0.8929577762734812,0,117018.0
27,55772,2817,375767,25025,194282,35,420,0.517027839059843,0,227311.2
66,41520,2661,532372,140530,526545,25,300,0.989054645999414,0,170874.0
33,69481,1232,115634,68610,76270,30,360,0.6595810920663473,1,303794.1
60,56408,2401,456742,75843,505224,35,420,1.1061474530478914,0,233667.6
62,114006,1494,391478,112237,581740,25,300,1.4860094309258758,0,504063.0
29,148496,1821,626342,135299,353630,10,120,0.564595700112718,1,663861.6
47,77134,115,674316,10668,64859,10,120,0.09618487474715119,1,346827.0
22,40491,661,626495,78233,161462,15,180,0.2577227272364504,1,179829.9
25,21341,1465,553866,86982,197735,20,240,0.35700873496477487,0,89002.5
49,64623,2500,685842,111133,299737,15,180,0.43703506055330527,0,281803.5
57,110327,1868,756746,15751,331197,20,240,0.43765939958717986,1,487505.1
58,20338,2334,687564,51218,192157,25,300,0.2794750743203542,0,77517.0
39,91431,1016,394925,131649,401889,10,120,1.0176337279230234,0,409001.1
28,32254,310,788140,12352,240167,35,420,0.3047263176592991,1,142539.0
68,71860,207,272512,93835,186319,20,240,0.6837093412400188,1,322376.4
65,31344,2665,612498,102493,464027,25,300,0.757597575828819,0,125058.0
21,21750,2493,648651,33927,276453,10,120,0.4261968300364911,0,91891.8
42,74756,2717,682567,106948,186645,35,420,0.273445683720426,0,313579.2
37,87957,632,271420,34493,562035,20,240,1.5,0,392772.9
27,125423,2102,790644,36707,188261,15,180,0.2381109576497134,0,556836.3
45,78053,2959,580844,143368,392221,15,180,0.6752604830212587,0,340586.1
65,90855,656,283196,40842,486862,15,180,1.5,0,406485.9
24,35896,1423,279919,18261,388767,25,300,1.388855347439795,0,152994.0
56,75761,1931,495648,81709,181004,15,180,0.36518658402737425,1,333972.9
26,82552,2562,337324,100985,555187,30,360,1.5,0,353037.6
51,140075,1679,799449,111616,103687,10,120,0.12969807955229165,1,626307.9
39,97454,236,738681,72173,157615,25,300,0.21337356720966155,1,437127.0
64,146522,347,510599,36781,443120,35,420,0.8678434544525155,1,656434.2
59,138681,2674,455960,18652,581985,15,180,1.2763948591981753,0,614438.1
47,110600,629,727341,10103,583903,10,120,0.8027912629701887,1,496190.4
30,142732,1540,552406,30500,556554,20,240,1.0075089698518842,0,634902.0
46,132153,2003,263965,105336,432706,15,180,1.5,0,587477.7
39,142926,1271,246892,118499,128533,10,120,0.5206041508027801,1,640116.6
59,47935,363,214832,54393,290011,30,360,1.3499432114396366,0,213093.9
23,57641,2368,233262,52406,239327,20,240,1.0260008059606793,0,248018.1
65,49711,285,147411,68059,555168,30,360,1.5,0,221647.5
33,90342,148,365521,87722,122684,35,420,0.33564145425297043,1,405295.8
48,126896,1107,519953,17356,500134,10,120,0.9618830932795849,0,568375.2
40,32182,2453,118211,133128,266621,30,360,1.5,0,127157.4
48,107833,455,293981,7187,285295,35,420,0.970453872869335,0,481426.5
28,76276,1766,345888,82243,597670,10,120,1.5,0,339003.6
61,39541,799,367139,40098,203466,10,120,0.5541933709031185,1,176016.9
59,114457,1184,752337,139678,284318,30,360,0.3779130894798475,1,506531.7
21,102310,1012,638830,62620,422778,10,120,0.6618004790006731,1,457966.2
23,64813,2831,90651,131270,181936,15,180,1.5,0,281466.9
33,57198,2507,179239,19387,422818,10,120,1.5,0,251374.2
48,28820,1523,517625,74463,153533,25,300,0.29661048056025113,0,120552.0
69,44070,2785,235378,138663,297997,35,420,1.2660359081987271,0,174921.0
45,89768,2556,230158,96683,119590,10,120,0.5195995794193554,0,397821.6
53,31122,480,487592,67061,439919,25,300,0.9022276821604949,0,137169.0
58,100559,1686,403494,86257,378615,10,120,0.9383410905738375,0,448469.1
26,93543,2161,413569,66753,553692,10,120,1.3388140793918306,0,415757.1
64,103441,2796,576574,89774,531530,30,360,0.9218764633854457,0,445353.3
65,61786,1601,509852,147159,565795,15,180,1.1097239983367722,0,272273.4
52,114934,2408,524865,28408,355442,35,420,0.6772065197717508,0,496975.8
65,119804,340,507826,129116,506324,15,180,0.9970422940140914,0,537894.0
67,26737,2817,745418,136208,294936,20,240,0.39566525090620297,0,106794.9
41,56062,2010,335948,22413,459925,30,360,1.3690362794241966,0,237807.0
36,74237,2808,601481,118650,59726,30,360,0.09929823219686075,0,313848.9
41,71571,2496,551249,64500,241896,15,180,0.4388144014773723,0,313083.9
31,45510,1866,144200,89514,90542,30,360,0.6278918169209431,1,191359.8
57,39426,834,185848,61358,463461,15,180,1.5,0,174414.6
56,57265,1203,186022,71197,84753,30,360,0.455607401275118,1,249030.9
55,37850,1725,781979,81240,333460,10,120,0.4264308888090345,1,166185.0
39,138249,1689,492755,21322,283979,15,180,0.5763087132550659,1,616040.1
40,86150,310,142068,118053,328104,15,180,1.5,0,386559.0
38,107312,261,550529,11968,80791,25,300,0.14675157893589622,1,481338.0
67,109613,1442,241445,32518,337360,30,360,1.3972540330095882,0,482876.1
61,94910,405,768514,56925,376571,30,360,0.489998880957276,1,424179.0
69,72375,2190,217103,116900,185150,15,180,0.8528210112250867,0,317803.5
34,141826,341,304605,98422,100519,10,120,0.3299978660888692,1,637398.6
35,55435,1339,283047,6700,64389,10,120,0.22748518797231554,1,246243.9
51,116443,243,329768,98782,408105,35,420,1.2375518546371995,0,521952.3
21,77132,489,764029,28199,207753,10,120,0.2719176889882452,1,345920.4
23,98945,11,174475,10520,393150,30,360,1.5,0,445173.3
36,102050,560,590370,114814,547488,25,300,0.9273641953351288,0,455865.0
43,149828,41,606570,128364,144913,15,180,0.23890564980134196,1,674078.4
31,115402,2725,769984,19955,319637,20,240,0.415121612916632,0,506229.0
32,22983,593,783798,149989,119639,25,300,0.15264009349347663,0,99865.5
30,117241,1452,300972,69925,281452,20,240,0.9351434684954082,0,520614.9
52,40662,1826,242777,112216,366527,25,300,1.5,0,172023.0
36,43510,1693,772797,75269,359378,10,120,0.46503544915417633,1,191731.8
28,98187,133,288944,46458,536084,30,360,1.5,0,440883.9
58,60998,947,723294,94037,579882,20,240,0.8017237803714672,1,269945.4
32,76846,72,316440,104977,319515,25,300,1.0097174819871066,0,345375.0
44,114071,398,392727,48939,282520,30,360,0.7193801291991638,1,510453.9
48,26640,1428,87461,34345,293459,20,240,1.5,0,113025.6
28,64547,2625,704411,115107,287330,15,180,0.40790106912015855,0,281011.5
48,74620,2906,552501,126866,155573,25,300,0.28157958085143736,0,318354.0
56,35317,129,228586,74166,187900,15,180,0.8220100968563254,1,158462.1
46,135608,2978,463395,102406,369658,10,120,0.7977168506349874,0,603088.8
28,27564,1811,574178,54298,550364,15,180,0.9585250566897373,0,117518.4
48,47345,2001,311496,49942,555740,15,180,1.5,0,205848.9
48,133824,265,772148,8453,285707,35,420,0.3700158518833177,1,599982.0
57,114223,1560,796409,107811,554917,25,300,0.696773893815866,1,504643.5
61,143372,1985,640315,59935,527294,10,120,0.8234915627464607,1,640410.0
56,99273,792,253921,127439,573116,15,180,1.5,0,443877.3
47,94859,2300,753218,13328,504485,30,360,0.6697728944342807,0,410305.5
37,100765,2869,683291,20534,563066,20,240,0.8240500752973476,0,439671.3
29,130017,1312,787755,90280,314179,15,180,0.39882831591040363,1,580353.3
53,94038,163,644046,41320,159767,10,120,0.24806768460637904,1,422779.8
40,143618,94,396456,54170,483961,15,180,1.220718062029582,0,645942.6
33,72393,1805,410814,105546,591529,20,240,1.4398949402892793,0,317104.5
48,86081,2880,162279,85201,204226,10,120,1.2584869268358814,0,380452.5
68,145341,1133,95434,13640,541818,25,300,1.5,0,647236.5
49,122650,2383,799407,141690,106396,10,120,0.13309365567226708,0,546205.8
33,49430,821,520991,137992,542443,25,300,1.0411753753903619,0,217509.0
66,95532,237,417913,48937,168920,10,120,0.4041989600706367,1,429325.2
55,47788,2428,408821,148279,456547,20,240,1.1167405783949456,0,203391.6
26,115505,2946,163555,146871,244999,20,240,1.497960930573813,0,505631.7
38,68543,2530,732667,75463,113014,10,120,0.15425015730202124,0,302371.5
25,33919,1960,256806,98500,235550,15,180,0.9172293482239512,0,145579.5
67,89346,2949,561719,42158,236806,20,240,0.4215737762119494,0,387901.8
45,116122,1048,513819,89607,471837,25,300,0.918294185306499,0,516261.0
22,59974,1676,549924,124639,388585,25,300,0.7066158232773984,1,259827.0
30,127309,2529,148803,76696,96121,30,360,0.6459614389494835,0,554681.7
50,36371,2964,512548,66510,372341,35,420,0.7264509860539891,0,138771.9
65,65084,963,557742,125076,134577,35,420,0.24128898307819743,1,284788.8
25,49629,536,779539,63692,406778,35,420,0.5218186646210132,1,218828.1
53,71184,1603,325404,135841,299106,25,300,0.9191835380019914,0,310710.0
21,81916,1979,722249,20810,485647,30,360,0.6724093768215671,1,354373.2
38,147293,127,382523,141198,542461,35,420,1.4181134206309163,0,661751.7
52,93972,91,97297,116718,555200,35,420,1.5,0,422109.6
67,82187,542,589346,95932,533241,10,120,0.9048012542716842,0,368540.7
69,32984,845,200234,5192,526379,10,120,1.5,0,146400.0
31,53039,1681,648302,41413,522295,10,120,0.8056353366178108,1,234641.1
41,105431,1851,258570,148888,455831,15,180,1.5,0,467775.9
46,103691,2494,589733,44082,575754,35,420,0.9762960526204232,0,445659.9
45,78606,389,364996,70048,396030,15,180,1.0850255893215268,0,352326.6
42,30616,2719,421383,128130,378055,30,360,0.897176677749221,0,118195.2
47,122665,1884,474145,55940,463962,25,300,0.9785234474686014,0,540688.5
69,125373,42,591603,45142,138422,35,420,0.23397785339154806,1,563825.7
33,70072,253,695863,41468,553100,25,300,0.7948403636922785,1,313806.0
53,44574,1083,587365,146727,385513,10,120,0.6563431597047832,1,197983.8
54,23430,2710,699328,145431,342717,35,420,0.49006617781641804,0,82671.0
61,139123,2514,228510,134048,476583,20,240,1.5,0,613986.3
55,32676,2334,259587,47056,202271,15,180,0.7792031188002481,0,138639.6
21,30816,1540,610032,56831,403548,15,180,0.6615193957038319,1,133128.0
41,52733,1953,515633,64191,217477,35,420,0.4217670319781705,1,220893.3
68,105680,2825,755159,126948,279304,10,120,0.36986118155249426,0,468780.0
26,22050,2392,440890,113117,590277,15,180,1.338830547302048,0,90613.8
48,129996,641,725194,19671,392022,10,120,0.5405753494926875,1,583443.6
37,53933,2429,281260,32048,402621,30,360,1.4314904358956126,0,225209.7
25,44951,689,611885,30963,522697,25,300,0.8542405844235437,1,198145.5
51,52413,1276,510442,48954,419430,20,240,0.8216996250308556,1,229733.7
25,54801,1950,283199,100430,528705,25,300,1.5,0,234904.5
58,75619,1079,456794,5717,352619,25,300,0.7719431516175782,1,333811.5
23,52913,1486,564585,16676,408766,30,360,0.7240114420326434,1,227409.3
43,132573,456,761777,140506,460520,15,180,0.6045338727737908,1,594936.9
57,139076,982,552890,123696,157573,20,240,0.2849988243592758,1,621128.4
57,60600,2130,463100,135830,319152,15,180,0.6891643273591017,0,265032.0
30,77775,1122,195598,9994,360435,35,420,1.5,0,340562.7
30,110816,148,330100,9234,208477,25,300,0.6315571039079066,1,497784.0
39,149972,1352,788521,74300,298141,35,420,0.3781015343916015,1,663517.2
37,110093,1179,213241,48949,348530,10,120,1.5,0,492588.9
41,132590,189,233124,42405,201899,25,300,0.8660584066848545,1,595521.0
34,55400,882,545065,39872,390687,15,180,0.7167713942373846,1,246124.8
29,24494,2310,284923,47215,592445,25,300,1.5,0,96363.0
66,100688,399,88036,28185,348076,10,120,1.5,0,452138.4
21,142744,2811,636066,46153,464380,30,360,0.7300814695330359,0,622108.8
65,109431,608,234245,82535,182018,35,420,0.7770411321479648,1,487332.3
33,94691,1795,765763,138653,339385,35,420,0.44319848308158005,1,411031.5
24,117419,1638,282747,56717,145790,15,180,0.515619971211012,1,522488.7
21,128730,1575,623088,7763,222275,25,300,0.3567313124309889,1,569835.0
69,63001,2832,367516,97910,311439,15,180,0.847416166915182,0,273309.3
60,87364,2148,403660,60480,61350,30,360,0.1519843432591785,0,377672.4
52,144988,1382,413299,123094,368953,25,300,0.8927023776975023,1,644154.0
54,65028,1403,139500,16064,151894,25,300,1.0888458781362007,0,284208.0
48,127434,819,247647,81848,409701,15,180,1.5,0,570504.6
51,117659,819,316527,42548,486048,15,180,1.5,0,526517.1
28,57573,419,515477,11476,329720,10,120,0.6396405659224369,1,258072.9
59,20806,123,714947,95101,472217,30,360,0.6604923162136495,0,92741.4
46,144343,421,632004,7382,570841,10,120,0.9032237137739635,0,648533.1
54,76638,1508,476452,84698,133384,35,420,0.27995265000461744,1,332203.8
23,148301,1597,489064,50095,50390,25,300,0.10303354980125301,1,657772.5
32,146295,767,82352,134974,530751,15,180,1.5,0,655566.3
21,126506,2044,213004,32197,585857,25,300,1.5,0,557013.0
64,49757,2530,612844,132619,456245,25,300,0.7444716763156692,0,208726.5
25,54636,2566,428980,27010,72490,20,240,0.16898223693412281,0,233545.2
50,100097,2202,740858,92923,544080,35,420,0.734391745786642,0,431939.7
50,68280,2139,130098,138962,411659,20,240,1.5,0,296992.8
37,44262,1549,454313,135526,321265,25,300,0.7071446337657078,1,189885.0
68,100435,2502,744929,114162,51539,15,180,0.06918645938069265,0,442950.3
67,82211,1764,327199,125927,460243,25,300,1.4066149346422208,0,359365.5
43,74842,2044,206060,13026,439546,35,420,1.5,0,319619.4
35,148583,2645,267954,69925,362579,20,240,1.3531389716145308,0,655927.5
57,76979,509,210544,73842,565584,15,180,1.5,0,344573.1
41,134524,1206,604628,38665,113965,25,300,0.1884877974556256,1,598122.0
34,101470,385,779309,14277,565249,30,360,0.7253207649340634,1,453843.0
22,58197,1597,686590,53008,423192,35,420,0.6163678468955271,1,248471.7
31,61844,2452,547243,19683,382066,35,420,0.6981651661145049,0,257701.2
59,84754,2293,604426,136742,147799,30,360,0.24452786610767901,0,364883.4
58,121868,741,473574,83542,143948,25,300,0.30396094380181343,1,543960.0
54,54157,2708,723907,59319,526055,35,420,0.7266886492325672,0,220959.3
58,97129,2697,548466,97067,193314,15,180,0.35246305149270873,0,427371.3
54,60042,1911,704219,73975,298099,25,300,0.42330439820567184,1,258723.0
38,81665,1446,236951,106158,305821,25,300,1.2906508096610692,0,358816.5
50,135512,900,642060,16577,360929,20,240,0.5621421673986855,1,605484.0
35,136953,2112,138478,82299,510188,35,420,1.5,0,598547.7
47,102856,2260,537569,25176,61618,35,420,0.11462342508589594,0,443868.0
54,47376,2009,631050,68972,386430,30,360,0.612360351794628,0,198727.2
58,129049,241,224355,125018,328266,20,240,1.4631543758775156,0,579563.7
53,75554,2540,799282,24996,260448,20,240,0.3258524525761871,0,327801.0
44,34199,2385,774780,105922,545919,35,420,0.7046116316889955,0,133861.5
35,138533,2020,573671,91598,186109,25,300,0.32441765402120726,0,611278.5
50,101412,172,679253,40931,78633,20,240,0.11576393479307416,1,455528.4
62,70948,671,257912,129168,262456,30,360,1.0176184124817766,0,314434.8
37,93781,163,255767,128099,348627,20,240,1.3630648207157297,0,421232.1
25,92750,464,316281,39693,425325,30,360,1.3447693664810723,0,414034.2
49,86262,496,164754,113944,516589,20,240,1.5,0,385798.2
24,137424,699,682276,22374,346213,30,360,0.5074383387368162,1,613375.2
30,66600,2442,531558,86471,188442,20,240,0.3545088212386983,0,287978.4
37,96898,702,587732,50913,121947,20,240,0.20748742624189256,1,432671.4
30,82483,1940,230023,128683,220205,15,180,0.9573173117470861,0,364189.5
37,38297,2355,736667,49516,145761,30,360,0.1978655213278184,0,155380.5
40,50448,1791,160388,92796,425897,30,360,1.5,0,214120.8
44,46172,182,319779,31069,154700,30,360,0.4837716047645405,1,206463.6
25,62874,628,286846,123333,386128,10,120,1.34611603438779,0,281425.8
54,27657,2557,774335,89811,486606,20,240,0.6284179328068601,0,112182.9
26,104386,1731,212212,123028,55209,30,360,0.2601596516690856,1,457273.8
22,145617,545,492811,44178,449749,35,420,0.9126196452595416,0,650698.5
33,45425,1587,680309,37821,319355,10,120,0.46942639300670724,1,200603.7
63,46685,623,239380,21999,59927,15,180,0.2503425515916117,1,207839.7
63,142000,593,124789,43712,205666,30,360,1.5,0,634730.4
68,132855,743,106086,38722,258785,30,360,1.5,0,592497.9
31,44578,1768,359003,15625,388526,10,120,1.0822360815926328,0,196357.8
67,48831,1459,611972,11859,189005,20,240,0.3088458295477571,1,212736.3
43,27906,1948,171088,115986,246521,35,420,1.4409017581595436,0,109213.8
36,81413,2601,474423,26839,379760,15,180,0.8004670937117299,0,356994.9
51,74028,2068,650387,32216,499764,30,360,0.7684101927006536,0,318236.4
31,27287,2601,670381,57953,207195,20,240,0.30907051363329213,0,110306.7
36,53660,2444,240761,54522,451013,35,420,1.5,0,220940.4
28,95758,2672,618181,140958,100013,35,420,0.16178594942258012,0,408466.2
24,80504,104,571024,116249,451562,15,180,0.7907933817142537,1,361893.6
60,79720,2239,670706,12485,266486,25,300,0.39732162825440653,0,345306.0
24,122979,16,205074,117701,476888,35,420,1.5,0,553271.1
45,54701,392,210351,107638,460869,25,300,1.5,0,243802.5
23,103300,424,795371,17226,313328,35,420,0.3939394320386335,1,461288.4
52,130177,2176,118635,98405,477709,15,180,1.5,0,577962.9
23,37674,571,175071,27588,161361,10,120,0.9216889147831451,0,168162.6
47,103560,2076,545918,42019,447172,15,180,0.8191193549214351,0,458546.4
49,131543,1120,448377,70133,66555,15,180,0.14843535685371909,1,587911.5
52,43874,241,677093,119444,574213,10,120,0.8480563231343404,1,196854.6
39,63642,2279,501280,122603,461906,10,120,0.9214530801149058,0,280919.4
41,143867,788,421207,133585,370646,20,240,0.8799616340659105,1,643619.1
25,117820,714,344598,48395,305658,35,420,0.8869987637769227,1,524192.4
38,85160,758,363022,130814,492065,20,240,1.355468814562203,0,379581.6
48,37602,2849,262170,117599,153844,10,120,0.5868100850593126,0,162371.4
62,123320,775,273226,30939,141321,25,300,0.5172311566249186,1,550290.0
42,108801,2773,224063,5203,148234,25,300,0.6615728612042149,0,472966.5
41,45931,2247,672632,34063,524718,15,180,0.780096694775152,0,198600.3
26,114377,2992,640881,95880,521761,30,360,0.8141308604873604,0,493154.1
21,49192,78,640592,8748,339987,15,180,0.530738754152409,1,221083.2
25,66542,855,503602,122269,374464,15,180,0.7435713122664326,1,296361.0
61,147015,2514,790580,85764,69627,30,360,0.0880707834754231,0,643466.7
32,62520,2628,193613,113036,373966,35,420,1.5,0,259264.8
46,84772,1439,567505,121525,527317,10,120,0.9291847648919392,0,378020.4
66,78762,2987,494299,90679,272633,25,300,0.5515548281505729,0,336507.0
54,70106,2496,622642,130829,367942,15,180,0.5909366859286717,0,306491.4
69,101121,2134,364334,133216,387462,30,360,1.0634802132109549,0,439679.7
34,45559,2148,610430,138175,416330,20,240,0.6820274232917779,0,194705.1
46,125595,1031,501614,70901,400046,15,180,0.7975176131447687,1,561465.9
65,53742,844,263043,103046,471773,25,300,1.5,0,236775.0
47,89669,86,788770,95012,383478,10,120,0.48617214143539944,1,403304.1
29,100199,2090,230575,83278,518379,15,180,1.5,0,443371.5
46,41754,407,205438,17391,418863,15,180,1.5,0,186427.8
67,23972,2711,652744,107476,173099,35,420,0.26518665816920567,0,85101.6
42,90831,1668,704455,125721,324864,30,360,0.4611564968663719,1,396729.9
67,132217,147,344528,102537,369752,20,240,1.073213207634793,0,594270.9
50,61873,2324,273392,86159,157449,20,240,0.5759093170246387,0,267273.3
63,114661,231,488288,136040,152828,10,120,0.3129874172619438,1,515420.1
68,126532,1950,182239,40503,176613,25,300,0.9691284521973892,0,557694.0
37,146267,365,715719,80403,122095,10,120,0.17059069271599608,1,657325.5
46,29903,1674,644798,69286,527910,15,180,0.8187215220890883,0,128537.1
56,23020,435,784293,79842,137593,15,180,0.17543571088866022,0,102024.0
21,61755,398,410170,109927,389386,20,240,0.9493283272789331,0,275987.1
28,105956,1234,201668,19908,176202,25,300,0.8737231489378583,1,469398.0
69,106988,1414,498734,42228,127606,30,360,0.25585983710755633,1,471265.2
55,65648,2546,628333,28386,173769,25,300,0.27655558437962036,0,280140.0
35,123537,2587,261948,33302,168542,15,180,0.6434177775741751,0,546603.3
67,145991,562,565662,65815,418582,30,360,0.7399860694195474,1,652913.1
42,29516,2489,694390,68344,207550,25,300,0.2988954334019787,0,117888.0
34,132863,1284,394063,116603,505433,25,300,1.2826197841461897,0,590179.5
46,135005,772,703729,66114,140140,30,360,0.19913915726082057,1,601964.1
48,22396,2397,238175,30525,516978,15,180,1.5,0,92152.8
43,104082,2037,329877,84818,586069,25,300,1.5,0,456147.0
34,39129,2567,216917,119589,448731,30,360,1.5,0,157598.1
44,148322,1343,297770,99715,429502,35,420,1.442395137186419,0,656167.8
22,21591,2185,722613,11644,348277,35,420,0.48196891005282216,0,78805.5
65,31303,1573,623625,106154,147628,15,180,0.23672559631188614,1,135200.7
46,50561,991,757673,48469,135058,30,360,0.17825367935771763,1,220389.3
34,91719,2415,420093,111609,531799,35,420,1.2659077870852407,0,392449.5
27,138618,1246,393295,70206,201542,30,360,0.5124448569140213,1,614809.8
23,112108,359,747304,101462,355273,25,300,0.47540626037061223,1,502332.0
67,148748,920,685730,88178,320675,15,180,0.4676403249092208,1,666054.0
43,119616,2376,129847,91724,349182,35,420,1.5,0,518313.6
66,144165,2510,138653,101393,400083,25,300,1.5,0,633682.5
63,106231,2993,398766,132314,92674,10,120,0.2324019600467442,0,470856.3
67,27314,962,369954,81312,177572,10,120,0.47998399801056346,0,120604.2
65,137071,1827,157842,80324,525692,15,180,1.5,0,610242.3
38,39623,2883,352647,76196,341975,35,420,0.9697374428252615,0,154086.3
58,87675,1613,164761,75014,481436,35,420,1.5,0,380988.3
55,132992,1640,510192,144282,495935,35,420,0.9720556182770408,0,584688.0
35,116826,2216,596637,146994,103051,30,360,0.1727197609266606,0,509761.8
45,85082,216,746246,38340,253085,25,300,0.33914419641780325,1,381573.0
57,149839,377,408768,44850,368796,35,420,0.9022134805072805,0,671108.7
48,103624,118,768152,118711,115524,25,300,0.15039210989491664,1,465600.0
30,125228,189,482980,16094,526152,15,180,1.089386724087954,0,562845.6
59,53130,2814,200356,92959,318614,35,420,1.5,0,215447.4
37,71756,369,297228,10741,510814,15,180,1.5,0,321573.6
59,117624,1801,122727,116585,567733,35,420,1.5,0,514179.6
42,46292,2196,420615,127564,365617,10,120,0.8692438453217313,0,203043.6
46,131785,651,612356,73798,94439,20,240,0.15422238044536185,1,589907.7
64,147331,1882,721211,121026,326452,15,180,0.45264423310237917,1,656214.3
45,106206,1511,480511,115130,141563,35,420,0.2946092805367619,1,465234.6
37,89274,769,514376,27164,347225,20,240,0.6750412149867023,1,398041.8
33,22469,2421,91390,35257,493599,15,180,1.5,0,92394.9
40,73947,780,711040,100989,584125,30,360,0.8215079320432043,1,327145.5
45,42534,1716,436898,141304,217896,35,420,0.4987342583394751,1,176988.6
24,83620,2207,418113,57691,469515,30,360,1.1229380574151007,0,360399.6
30,68874,2398,750398,84768,80063,10,120,0.10669404769202477,0,304177.8
23,69708,1311,419208,19026,304371,35,420,0.7260620026335375,1,302673.6
61,94553,2939,101281,35908,152166,10,120,1.5,0,418434.9
65,88344,1249,134189,24610,64506,20,240,0.4807100432971406,1,391552.8
38,69138,522,342093,68185,275413,15,180,0.8050822437173517,1,309241.8
67,74302,521,390655,77567,163604,25,300,0.41879407661491597,1,331233.0
56,67638,782,726403,41182,76026,10,120,0.10466091136738147,1,302494.2
67,98249,2320,612893,121136,470888,25,300,0.7683037659101997,0,428200.5
42,125865,935,442462,136642,364557,25,300,0.8239283825503659,1,560782.5
54,22719,2230,474597,24288,305116,15,180,0.6428949192683476,0,94207.5
67,42890,1688,329415,83824,377210,20,240,1.1450905392893462,0,184902.6
28,97236,487,759682,89425,240285,15,180,0.31629681893213213,1,435808.8
60,56509,1850,121869,5917,100971,35,420,0.8285207887157522,1,238750.5
69,62534,845,637243,80602,470497,10,120,0.7383321590037082,1,279375.0
64,122302,2171,665676,69575,163978,25,300,0.2463330509136577,0,537333.0
39,112241,2837,90207,77518,209163,15,180,1.5,0,494871.3
62,38787,2461,298401,44104,153864,15,180,0.5156282988327787,0,165681.9
61,146209,2003,239292,21999,444295,15,180,1.5,0,650729.7
57,68845,1748,557266,146013,489967,10,120,0.8792336155444617,1,305607.3
26,77932,685,576762,66169,498648,20,240,0.864564586432532,1,347406.0
46,112124,2160,285157,134744,390435,15,180,1.369193111163324,0,496782.0
54,111659,2935,102031,115684,175659,10,120,1.5,0,495421.5
65,53062,2169,543937,64821,57235,25,300,0.1052235828781642,0,225765.0
26,95713,1567,675600,140601,394877,35,420,0.5844834221432801,1,417545.7
57,107263,1245,664054,17192,112712,30,360,0.16973318434946555,1,473719.5
53,115756,38,223521,79102,202545,10,120,0.9061564685197364,0,520810.8
42,80461,2544,431977,119894,175849,30,360,0.4070795435868113,0,343757.7
41,95418,779,267771,91795,305493,15,180,1.140874105112204,0,426576.6
26,86672,1256,317199,71677,154215,15,180,0.4861774469654696,1,385502.4
26,148232,2990,715329,140699,82230,10,120,0.11495409804439635,0,659868.0
68,54832,2196,720473,139327,396717,30,360,0.5506340973221758,0,230932.8
24,147335,2708,257164,141285,512092,15,180,1.5,0,653258.7
50,51966,1927,536887,107412,352788,25,300,0.657099166118755,1,222285.0
31,92545,301,614638,24404,229736,20,240,0.3737744818901532,1,415007.7
50,32987,2285,593313,121545,378821,20,240,0.6384842401902537,0,137473.5
51,57311,646,148487,28989,468641,15,180,1.5,0,255573.9
44,51575,662,228694,113106,134817,30,360,0.5895082512002938,1,227321.1
29,83852,2283,203853,29519,288657,35,420,1.416005651130962,0,358156.8
23,147650,1759,395261,27439,267033,15,180,0.6755865111913394,1,658092.6
51,21007,2250,315062,123570,281414,35,420,0.8932019729450077,0,75631.5
60,90981,255,531610,19995,306812,35,420,0.5771373751434322,1,407272.5
