{"__meta":{"schema_version":3,"schema_name":"GBMModelV3","schema_type":"GBMModel"},"model_id":{"__meta":{"schema_version":3,"schema_name":"ModelKeyV3","schema_type":"Key<Model>"},"name":"GBM_grid_1_AutoML_1_20251127_224829_model_236","type":"Key<Model>","URL":"/3/Models/GBM_grid_1_AutoML_1_20251127_224829_model_236"},"algo":"gbm","algo_full_name":"Gradient Boosting Machine","response_column_name":"max_borrow_amount","treatment_column_name":null,"data_frame":{"__meta":{"schema_version":3,"schema_name":"FrameKeyV3","schema_type":"Key<Frame>"},"name":"AutoML_1_20251127_224829_training_mortgage_training_dataset.hex_0.80","type":"Key<Frame>","URL":"/3/Frames/AutoML_1_20251127_224829_training_mortgage_training_dataset.hex_0.80"},"timestamp":1764284055808,"have_pojo":true,"have_mojo":true,"algo":"gbm","algo_full_name":"Gradient Boosting Machine","model_id":{"__meta":{"schema_version":3,"schema_name":"ModelKeyV3","schema_type":"Key<Model>"},"name":"GBM_grid_1_AutoML_1_20251127_224829_model_236","type":"Key<Model>","URL":"/3/Models/GBM_grid_1_AutoML_1_20251127_224829_model_236"},"parameters":[{"__meta":{"schema_version":3,"schema_name":"ModelParameterSchemaV3","schema_type":"Iced"},"name":"model_id","label":"model_id","help":"Destination id for this model; auto-generated if not specified.","required":false,"type":"Key<Model>","default_value":null,"actual_value":{"__meta":{"schema_version":3,"schema_name":"ModelKeyV3","schema_type":"Key<Model>"},"name":"GBM_grid_1_AutoML_1_20251127_224829_model_236","type":"Key<Model>","URL":"/3/Models/GBM_grid_1_AutoML_1_20251127_224829_model_236"},"input_value":null,"level":"critical","values":[],"is_member_of_frames":[],"is_mutually_exclusive_with":[],"gridable":false},{"__meta":{"schema_version":3,"schema_name":"ModelParameterSchemaV3","schema_type":"Iced"},"name":"training_frame","label":"training_frame","help":"Id of the training data frame.","required":false,"type":"Key<Frame>","default_value":null,"actual_value":{"__meta":{"schema_version":3,"schema_name":"FrameKeyV3","schema_type":"Key<Frame>"},"name":"AutoML_1_20251127_224829_training_mortgage_training_dataset.hex_0.80","type":"Key<Frame>","URL":"/3/Frames/AutoML_1_20251127_224829_training_mortgage_training_dataset.hex_0.80"},"input_value":{"__meta":{"schema_version":3,"schema_name":"FrameKeyV3","schema_type":"Key<Frame>"},"name":"AutoML_1_20251127_224829_training_mortgage_training_dataset.hex_0.80","type":"Key<Frame>","URL":"/3/Frames/AutoML_1_20251127_224829_training_mortgage_training_dataset.hex_0.80"},"level":"critical","values":[],"is_member_of_frames":[],"is_mutually_exclusive_with":[],"gridable":false},{"__meta":{"schema_version":3,"schema_name":"ModelParameterSchemaV3","schema_type":"Iced"},"name":"validation_frame","label":"validation_frame","help":"Id of the validation data frame.","required":false,"type":"Key<Frame>","default_value":null,"actual_value":{"__meta":{"schema_version":3,"schema_name":"FrameKeyV3","schema_type":"Key<Frame>"},"name":"mortgage_training_dataset.hex_0.20","type":"Key<Frame>","URL":"/3/Frames/mortgage_training_dataset.hex_0.20"},"input_value":{"__meta":{"schema_version":3,"schema_name":"FrameKeyV3","schema_type":"Key<Frame>"},"name":"mortgage_training_dataset.hex_0.20","type":"Key<Frame>","URL":"/3/Frames/mortgage_training_dataset.hex_0.20"},"level":"critical","values":[],"is_member_of_frames":[],"is_mutually_exclusive_with":[],"gridable":true},{"__meta":{"schema_version":3,"schema_name":"ModelParameterSchemaV3","schema_type":"Iced"},"name":"nfolds","label":"nfolds","help":"Number of folds for K-fold cross-validation (0 to disable or >= 2).","required":false,"type":"int","default_value":0,"actual_value":5,"input_value":5,"level":"critical","values":[],"is_member_of_frames":[],"is_mutually_exclusive_with":[],"gridable":false},{"__meta":{"schema_version":3,"schema_name":"ModelParameterSchemaV3","schema_type":"Iced"},"name":"keep_cross_validation_models","label":"keep_cross_validation_models","help":"Whether to keep the cross-validation models.","required":false,"type":"boolean","default_value":true,"actual_value":true,"input_value":true,"level":"expert","values":[],"is_member_of_frames":[],"is_mutually_exclusive_with":[],"gridable":false},{"__meta":{"schema_version":3,"schema_name":"ModelParameterSchemaV3","schema_type":"Iced"},"name":"keep_cross_validation_predictions","label":"keep_cross_validation_predictions","help":"Whether to keep the predictions of the cross-validation models.","required":false,"type":"boolean","default_value":false,"actual_value":true,"input_value":true,"level":"expert","values":[],"is_member_of_frames":[],"is_mutually_exclusive_with":[],"gridable":false},{"__meta":{"schema_version":3,"schema_name":"ModelParameterSchemaV3","schema_type":"Iced"},"name":"keep_cross_validation_fold_assignment","label":"keep_cross_validation_fold_assignment","help":"Whether to keep the cross-validation fold assignment.","required":false,"type":"boolean","default_value":false,"actual_value":false,"input_value":false,"level":"expert","values":[],"is_member_of_frames":[],"is_mutually_exclusive_with":[],"gridable":false},{"__meta":{"schema_version":3,"schema_name":"ModelParameterSchemaV3","schema_type":"Iced"},"name":"score_each_iteration","label":"score_each_iteration","help":"Whether to score during each iteration of model training.","required":false,"type":"boolean","default_value":false,"actual_value":false,"input_value":false,"level":"secondary","values":[],"is_member_of_frames":[],"is_mutually_exclusive_with":[],"gridable":false},{"__meta":{"schema_version":3,"schema_name":"ModelParameterSchemaV3","schema_type":"Iced"},"name":"score_tree_interval","label":"score_tree_interval","help":"Score the model after every so many trees. Disabled if set to 0.","required":false,"type":"int","default_value":0,"actual_value":5,"input_value":5,"level":"secondary","values":[],"is_member_of_frames":[],"is_mutually_exclusive_with":[],"gridable":false},{"__meta":{"schema_version":3,"schema_name":"ModelParameterSchemaV3","schema_type":"Iced"},"name":"fold_assignment","label":"fold_assignment","help":"Cross-validation fold assignment scheme, if fold_column is not specified. The 'Stratified' option will stratify the folds based on the response variable, for classification problems.","required":false,"type":"enum","default_value":"AUTO","actual_value":"Modulo","input_value":"Modulo","level":"secondary","values":["AUTO","Random","Modulo","Stratified"],"is_member_of_frames":[],"is_mutually_exclusive_with":[],"gridable":true},{"__meta":{"schema_version":3,"schema_name":"ModelParameterSchemaV3","schema_type":"Iced"},"name":"fold_column","label":"fold_column","help":"Column with cross-validation fold index assignment per observation.","required":false,"type":"VecSpecifier","default_value":null,"actual_value":null,"input_value":null,"level":"secondary","values":[],"is_member_of_frames":["training_frame"],"is_mutually_exclusive_with":["response_column","weights_column","ignored_columns","offset_column"],"gridable":true},{"__meta":{"schema_version":3,"schema_name":"ModelParameterSchemaV3","schema_type":"Iced"},"name":"response_column","label":"response_column","help":"Response variable column.","required":false,"type":"VecSpecifier","default_value":null,"actual_value":{"__meta":{"schema_version":3,"schema_name":"ColSpecifierV3","schema_type":"VecSpecifier"},"column_name":"max_borrow_amount","is_member_of_frames":null},"input_value":{"__meta":{"schema_version":3,"schema_name":"ColSpecifierV3","schema_type":"VecSpecifier"},"column_name":"max_borrow_amount","is_member_of_frames":null},"level":"critical","values":[],"is_member_of_frames":["training_frame","validation_frame"],"is_mutually_exclusive_with":["weights_column","ignored_columns","offset_column","fold_column"],"gridable":true},{"__meta":{"schema_version":3,"schema_name":"ModelParameterSchemaV3","schema_type":"Iced"},"name":"ignored_columns","label":"ignored_columns","help":"Names of columns to ignore for training.","required":false,"type":"string[]","default_value":null,"actual_value":[],"input_value":[],"level":"critical","values":[],"is_member_of_frames":["training_frame","validation_frame"],"is_mutually_exclusive_with":["response_column","weights_column","offset_column","fold_column"],"gridable":false},{"__meta":{"schema_version":3,"schema_name":"ModelParameterSchemaV3","schema_type":"Iced"},"name":"ignore_const_cols","label":"ignore_const_cols","help":"Ignore constant columns.","required":false,"type":"boolean","default_value":true,"actual_value":true,"input_value":true,"level":"critical","values":[],"is_member_of_frames":[],"is_mutually_exclusive_with":[],"gridable":false},{"__meta":{"schema_version":3,"schema_name":"ModelParameterSchemaV3","schema_type":"Iced"},"name":"offset_column","label":"offset_column","help":"Offset column. This will be added to the combination of columns before applying the link function.","required":false,"type":"VecSpecifier","default_value":null,"actual_value":null,"input_value":null,"level":"secondary","values":[],"is_member_of_frames":["training_frame","validation_frame"],"is_mutually_exclusive_with":["response_column","weights_column","ignored_columns","fold_column"],"gridable":true},{"__meta":{"schema_version":3,"schema_name":"ModelParameterSchemaV3","schema_type":"Iced"},"name":"weights_column","label":"weights_column","help":"Column with observation weights. Giving some observation a weight of zero is equivalent to excluding it from the dataset; giving an observation a relative weight of 2 is equivalent to repeating that row twice. Negative weights are not allowed. Note: Weights are per-row observation weights and do not increase the size of the data frame. This is typically the number of times a row is repeated, but non-integer values are supported as well. During training, rows with higher weights matter more, due to the larger loss function pre-factor. If you set weight = 0 for a row, the returned prediction frame at that row is zero and this is incorrect. To get an accurate prediction, remove all rows with weight == 0.","required":false,"type":"VecSpecifier","default_value":null,"actual_value":null,"input_value":null,"level":"secondary","values":[],"is_member_of_frames":["training_frame","validation_frame"],"is_mutually_exclusive_with":["response_column","ignored_columns","offset_column","fold_column"],"gridable":true},{"__meta":{"schema_version":3,"schema_name":"ModelParameterSchemaV3","schema_type":"Iced"},"name":"balance_classes","label":"balance_classes","help":"Balance training data class counts via over/under-sampling (for imbalanced data).","required":false,"type":"boolean","default_value":false,"actual_value":false,"input_value":false,"level":"secondary","values":[],"is_member_of_frames":[],"is_mutually_exclusive_with":[],"gridable":true},{"__meta":{"schema_version":3,"schema_name":"ModelParameterSchemaV3","schema_type":"Iced"},"name":"class_sampling_factors","label":"class_sampling_factors","help":"Desired over/under-sampling ratios per class (in lexicographic order). If not specified, sampling factors will be automatically computed to obtain class balance during training. Requires balance_classes.","required":false,"type":"float[]","default_value":null,"actual_value":null,"input_value":null,"level":"expert","values":[],"is_member_of_frames":[],"is_mutually_exclusive_with":[],"gridable":true},{"__meta":{"schema_version":3,"schema_name":"ModelParameterSchemaV3","schema_type":"Iced"},"name":"max_after_balance_size","label":"max_after_balance_size","help":"Maximum relative size of the training data after balancing class counts (can be less than 1.0). Requires balance_classes.","required":false,"type":"float","default_value":5.0,"actual_value":5.0,"input_value":5.0,"level":"expert","values":[],"is_member_of_frames":[],"is_mutually_exclusive_with":[],"gridable":true},{"__meta":{"schema_version":3,"schema_name":"ModelParameterSchemaV3","schema_type":"Iced"},"name":"max_confusion_matrix_size","label":"max_confusion_matrix_size","help":"[Deprecated] Maximum size (# classes) for confusion matrices to be printed in the Logs","required":false,"type":"int","default_value":20,"actual_value":20,"input_value":20,"level":"secondary","values":[],"is_member_of_frames":[],"is_mutually_exclusive_with":[],"gridable":false},{"__meta":{"schema_version":3,"schema_name":"ModelParameterSchemaV3","schema_type":"Iced"},"name":"ntrees","label":"ntrees","help":"Number of trees.","required":false,"type":"int","default_value":50,"actual_value":102,"input_value":10000,"level":"critical","values":[],"is_member_of_frames":[],"is_mutually_exclusive_with":[],"gridable":true},{"__meta":{"schema_version":3,"schema_name":"ModelParameterSchemaV3","schema_type":"Iced"},"name":"max_depth","label":"max_depth","help":"Maximum tree depth (0 for unlimited).","required":false,"type":"int","default_value":5,"actual_value":10,"input_value":10,"level":"critical","values":[],"is_member_of_frames":[],"is_mutually_exclusive_with":[],"gridable":true},{"__meta":{"schema_version":3,"schema_name":"ModelParameterSchemaV3","schema_type":"Iced"},"name":"min_rows","label":"min_rows","help":"Fewest allowed (weighted) observations in a leaf.","required":false,"type":"double","default_value":10.0,"actual_value":10.0,"input_value":10.0,"level":"critical","values":[],"is_member_of_frames":[],"is_mutually_exclusive_with":[],"gridable":true},{"__meta":{"schema_version":3,"schema_name":"ModelParameterSchemaV3","schema_type":"Iced"},"name":"nbins","label":"nbins","help":"For numerical columns (real/int), build a histogram of (at least) this many bins, then split at the best point","required":false,"type":"int","default_value":20,"actual_value":20,"input_value":20,"level":"critical","values":[],"is_member_of_frames":[],"is_mutually_exclusive_with":[],"gridable":true},{"__meta":{"schema_version":3,"schema_name":"ModelParameterSchemaV3","schema_type":"Iced"},"name":"nbins_top_level","label":"nbins_top_level","help":"For numerical columns (real/int), build a histogram of (at most) this many bins at the root level, then decrease by factor of two per level","required":false,"type":"int","default_value":1024,"actual_value":1024,"input_value":1024,"level":"secondary","values":[],"is_member_of_frames":[],"is_mutually_exclusive_with":[],"gridable":true},{"__meta":{"schema_version":3,"schema_name":"ModelParameterSchemaV3","schema_type":"Iced"},"name":"nbins_cats","label":"nbins_cats","help":"For categorical columns (factors), build a histogram of this many bins, then split at the best point. Higher values can lead to more overfitting.","required":false,"type":"int","default_value":1024,"actual_value":1024,"input_value":1024,"level":"secondary","values":[],"is_member_of_frames":[],"is_mutually_exclusive_with":[],"gridable":true},{"__meta":{"schema_version":3,"schema_name":"ModelParameterSchemaV3","schema_type":"Iced"},"name":"r2_stopping","label":"r2_stopping","help":"r2_stopping is no longer supported and will be ignored if set - please use stopping_rounds, stopping_metric and stopping_tolerance instead. Previous version of H2O would stop making trees when the R^2 metric equals or exceeds this","required":false,"type":"double","default_value":1.7976931348623157E308,"actual_value":1.7976931348623157E308,"input_value":1.7976931348623157E308,"level":"secondary","values":[],"is_member_of_frames":[],"is_mutually_exclusive_with":[],"gridable":true},{"__meta":{"schema_version":3,"schema_name":"ModelParameterSchemaV3","schema_type":"Iced"},"name":"stopping_rounds","label":"stopping_rounds","help":"Early stopping based on convergence of stopping_metric. Stop if simple moving average of length k of the stopping_metric does not improve for k:=stopping_rounds scoring events (0 to disable)","required":false,"type":"int","default_value":0,"actual_value":0,"input_value":3,"level":"secondary","values":[],"is_member_of_frames":[],"is_mutually_exclusive_with":[],"gridable":true},{"__meta":{"schema_version":3,"schema_name":"ModelParameterSchemaV3","schema_type":"Iced"},"name":"stopping_metric","label":"stopping_metric","help":"Metric to use for early stopping (AUTO: logloss for classification, deviance for regression and anomaly_score for Isolation Forest). Note that custom and custom_increasing can only be used in GBM and DRF with the Python client.","required":false,"type":"enum","default_value":"AUTO","actual_value":"deviance","input_value":"deviance","level":"secondary","values":["AUTO","deviance","logloss","MSE","RMSE","MAE","RMSLE","AUC","AUCPR","lift_top_group","misclassification","mean_per_class_error","anomaly_score","AUUC","ATE","ATT","ATC","qini","custom","custom_increasing"],"is_member_of_frames":[],"is_mutually_exclusive_with":[],"gridable":true},{"__meta":{"schema_version":3,"schema_name":"ModelParameterSchemaV3","schema_type":"Iced"},"name":"stopping_tolerance","label":"stopping_tolerance","help":"Relative tolerance for metric-based stopping criterion (stop if relative improvement is not at least this much)","required":false,"type":"double","default_value":0.001,"actual_value":0.03544406025041679,"input_value":0.03544406025041679,"level":"secondary","values":[],"is_member_of_frames":[],"is_mutually_exclusive_with":[],"gridable":true},{"__meta":{"schema_version":3,"schema_name":"ModelParameterSchemaV3","schema_type":"Iced"},"name":"max_runtime_secs","label":"max_runtime_secs","help":"Maximum allowed runtime in seconds for model training. Use 0 to disable.","required":false,"type":"double","default_value":0.0,"actual_value":316.23125000000005,"input_value":252.985,"level":"secondary","values":[],"is_member_of_frames":[],"is_mutually_exclusive_with":[],"gridable":true},{"__meta":{"schema_version":3,"schema_name":"ModelParameterSchemaV3","schema_type":"Iced"},"name":"seed","label":"seed","help":"Seed for pseudo random number generator (if applicable)","required":false,"type":"long","default_value":-1,"actual_value":8674932018942536056,"input_value":-1,"level":"critical","values":[],"is_member_of_frames":[],"is_mutually_exclusive_with":[],"gridable":true},{"__meta":{"schema_version":3,"schema_name":"ModelParameterSchemaV3","schema_type":"Iced"},"name":"build_tree_one_node","label":"build_tree_one_node","help":"Run on one node only; no network overhead but fewer cpus used. Suitable for small datasets.","required":false,"type":"boolean","default_value":false,"actual_value":false,"input_value":false,"level":"expert","values":[],"is_member_of_frames":[],"is_mutually_exclusive_with":[],"gridable":false},{"__meta":{"schema_version":3,"schema_name":"ModelParameterSchemaV3","schema_type":"Iced"},"name":"learn_rate","label":"learn_rate","help":"Learning rate (from 0.0 to 1.0)","required":false,"type":"double","default_value":0.1,"actual_value":0.1,"input_value":0.1,"level":"critical","values":[],"is_member_of_frames":[],"is_mutually_exclusive_with":[],"gridable":true},{"__meta":{"schema_version":3,"schema_name":"ModelParameterSchemaV3","schema_type":"Iced"},"name":"learn_rate_annealing","label":"learn_rate_annealing","help":"Scale the learning rate by this factor after each tree (e.g., 0.99 or 0.999) ","required":false,"type":"double","default_value":1.0,"actual_value":1.0,"input_value":1.0,"level":"secondary","values":[],"is_member_of_frames":[],"is_mutually_exclusive_with":[],"gridable":true},{"__meta":{"schema_version":3,"schema_name":"ModelParameterSchemaV3","schema_type":"Iced"},"name":"distribution","label":"distribution","help":"Distribution function","required":false,"type":"enum","default_value":"AUTO","actual_value":"gaussian","input_value":"gaussian","level":"secondary","values":["AUTO","bernoulli","quasibinomial","ordinal","multinomial","gaussian","poisson","gamma","tweedie","laplace","quantile","huber","custom"],"is_member_of_frames":[],"is_mutually_exclusive_with":[],"gridable":true},{"__meta":{"schema_version":3,"schema_name":"ModelParameterSchemaV3","schema_type":"Iced"},"name":"quantile_alpha","label":"quantile_alpha","help":"Desired quantile for Quantile regression, must be between 0 and 1.","required":false,"type":"double","default_value":0.5,"actual_value":0.5,"input_value":0.5,"level":"secondary","values":[],"is_member_of_frames":[],"is_mutually_exclusive_with":[],"gridable":true},{"__meta":{"schema_version":3,"schema_name":"ModelParameterSchemaV3","schema_type":"Iced"},"name":"tweedie_power","label":"tweedie_power","help":"Tweedie power for Tweedie regression, must be between 1 and 2.","required":false,"type":"double","default_value":1.5,"actual_value":1.5,"input_value":1.5,"level":"secondary","values":[],"is_member_of_frames":[],"is_mutually_exclusive_with":[],"gridable":true},{"__meta":{"schema_version":3,"schema_name":"ModelParameterSchemaV3","schema_type":"Iced"},"name":"huber_alpha","label":"huber_alpha","help":"Desired quantile for Huber/M-regression (threshold between quadratic and linear loss, must be between 0 and 1).","required":false,"type":"double","default_value":0.9,"actual_value":0.9,"input_value":0.9,"level":"secondary","values":[],"is_member_of_frames":[],"is_mutually_exclusive_with":[],"gridable":true},{"__meta":{"schema_version":3,"schema_name":"ModelParameterSchemaV3","schema_type":"Iced"},"name":"checkpoint","label":"checkpoint","help":"Model checkpoint to resume training with.","required":false,"type":"Key<Model>","default_value":null,"actual_value":null,"input_value":null,"level":"secondary","values":[],"is_member_of_frames":[],"is_mutually_exclusive_with":[],"gridable":false},{"__meta":{"schema_version":3,"schema_name":"ModelParameterSchemaV3","schema_type":"Iced"},"name":"sample_rate","label":"sample_rate","help":"Row sample rate per tree (from 0.0 to 1.0)","required":false,"type":"double","default_value":1.0,"actual_value":0.6,"input_value":0.6,"level":"critical","values":[],"is_member_of_frames":[],"is_mutually_exclusive_with":[],"gridable":true},{"__meta":{"schema_version":3,"schema_name":"ModelParameterSchemaV3","schema_type":"Iced"},"name":"sample_rate_per_class","label":"sample_rate_per_class","help":"A list of row sample rates per class (relative fraction for each class, from 0.0 to 1.0), for each tree","required":false,"type":"double[]","default_value":null,"actual_value":null,"input_value":null,"level":"expert","values":[],"is_member_of_frames":[],"is_mutually_exclusive_with":[],"gridable":true},{"__meta":{"schema_version":3,"schema_name":"ModelParameterSchemaV3","schema_type":"Iced"},"name":"col_sample_rate","label":"col_sample_rate","help":"Column sample rate (from 0.0 to 1.0)","required":false,"type":"double","default_value":1.0,"actual_value":1.0,"input_value":1.0,"level":"critical","values":[],"is_member_of_frames":[],"is_mutually_exclusive_with":[],"gridable":true},{"__meta":{"schema_version":3,"schema_name":"ModelParameterSchemaV3","schema_type":"Iced"},"name":"col_sample_rate_change_per_level","label":"col_sample_rate_change_per_level","help":"Relative change of the column sampling rate for every level (must be > 0.0 and <= 2.0)","required":false,"type":"double","default_value":1.0,"actual_value":1.0,"input_value":1.0,"level":"expert","values":[],"is_member_of_frames":[],"is_mutually_exclusive_with":[],"gridable":true},{"__meta":{"schema_version":3,"schema_name":"ModelParameterSchemaV3","schema_type":"Iced"},"name":"col_sample_rate_per_tree","label":"col_sample_rate_per_tree","help":"Column sample rate per tree (from 0.0 to 1.0)","required":false,"type":"double","default_value":1.0,"actual_value":1.0,"input_value":1.0,"level":"secondary","values":[],"is_member_of_frames":[],"is_mutually_exclusive_with":[],"gridable":true},{"__meta":{"schema_version":3,"schema_name":"ModelParameterSchemaV3","schema_type":"Iced"},"name":"min_split_improvement","label":"min_split_improvement","help":"Minimum relative improvement in squared error reduction for a split to happen","required":false,"type":"double","default_value":1.0E-5,"actual_value":1.0E-5,"input_value":1.0E-5,"level":"secondary","values":[],"is_member_of_frames":[],"is_mutually_exclusive_with":[],"gridable":true},{"__meta":{"schema_version":3,"schema_name":"ModelParameterSchemaV3","schema_type":"Iced"},"name":"histogram_type","label":"histogram_type","help":"What type of histogram to use for finding optimal split points","required":false,"type":"enum","default_value":"AUTO","actual_value":"UniformAdaptive","input_value":"AUTO","level":"secondary","values":["AUTO","UniformAdaptive","Random","QuantilesGlobal","RoundRobin","UniformRobust"],"is_member_of_frames":[],"is_mutually_exclusive_with":[],"gridable":true},{"__meta":{"schema_version":3,"schema_name":"ModelParameterSchemaV3","schema_type":"Iced"},"name":"max_abs_leafnode_pred","label":"max_abs_leafnode_pred","help":"Maximum absolute value of a leaf node prediction","required":false,"type":"double","default_value":1.7976931348623157E308,"actual_value":1.7976931348623157E308,"input_value":1.7976931348623157E308,"level":"expert","values":[],"is_member_of_frames":[],"is_mutually_exclusive_with":[],"gridable":true},{"__meta":{"schema_version":3,"schema_name":"ModelParameterSchemaV3","schema_type":"Iced"},"name":"pred_noise_bandwidth","label":"pred_noise_bandwidth","help":"Bandwidth (sigma) of Gaussian multiplicative noise ~N(1,sigma) for tree node predictions","required":false,"type":"double","default_value":0.0,"actual_value":0.0,"input_value":0.0,"level":"expert","values":[],"is_member_of_frames":[],"is_mutually_exclusive_with":[],"gridable":true},{"__meta":{"schema_version":3,"schema_name":"ModelParameterSchemaV3","schema_type":"Iced"},"name":"categorical_encoding","label":"categorical_encoding","help":"Encoding scheme for categorical features","required":false,"type":"enum","default_value":"AUTO","actual_value":"Enum","input_value":"AUTO","level":"secondary","values":["AUTO","Enum","OneHotInternal","OneHotExplicit","Binary","Eigen","LabelEncoder","SortByResponse","EnumLimited"],"is_member_of_frames":[],"is_mutually_exclusive_with":[],"gridable":true},{"__meta":{"schema_version":3,"schema_name":"ModelParameterSchemaV3","schema_type":"Iced"},"name":"calibrate_model","label":"calibrate_model","help":"Use Platt Scaling (default) or Isotonic Regression to calculate calibrated class probabilities. Calibration can provide more accurate estimates of class probabilities.","required":false,"type":"boolean","default_value":false,"actual_value":false,"input_value":false,"level":"expert","values":[],"is_member_of_frames":[],"is_mutually_exclusive_with":[],"gridable":false},{"__meta":{"schema_version":3,"schema_name":"ModelParameterSchemaV3","schema_type":"Iced"},"name":"calibration_frame","label":"calibration_frame","help":"Data for model calibration","required":false,"type":"Key<Frame>","default_value":null,"actual_value":null,"input_value":null,"level":"expert","values":[],"is_member_of_frames":[],"is_mutually_exclusive_with":[],"gridable":false},{"__meta":{"schema_version":3,"schema_name":"ModelParameterSchemaV3","schema_type":"Iced"},"name":"calibration_method","label":"calibration_method","help":"Calibration method to use","required":false,"type":"enum","default_value":"AUTO","actual_value":"PlattScaling","input_value":"AUTO","level":"expert","values":["AUTO","PlattScaling","IsotonicRegression"],"is_member_of_frames":[],"is_mutually_exclusive_with":[],"gridable":false},{"__meta":{"schema_version":3,"schema_name":"ModelParameterSchemaV3","schema_type":"Iced"},"name":"custom_metric_func","label":"custom_metric_func","help":"Reference to custom evaluation function, format: `language:keyName=funcName`","required":false,"type":"string","default_value":null,"actual_value":null,"input_value":null,"level":"secondary","values":[],"is_member_of_frames":[],"is_mutually_exclusive_with":[],"gridable":false},{"__meta":{"schema_version":3,"schema_name":"ModelParameterSchemaV3","schema_type":"Iced"},"name":"custom_distribution_func","label":"custom_distribution_func","help":"Reference to custom distribution, format: `language:keyName=funcName`","required":false,"type":"string","default_value":null,"actual_value":null,"input_value":null,"level":"secondary","values":[],"is_member_of_frames":[],"is_mutually_exclusive_with":[],"gridable":false},{"__meta":{"schema_version":3,"schema_name":"ModelParameterSchemaV3","schema_type":"Iced"},"name":"export_checkpoints_dir","label":"export_checkpoints_dir","help":"Automatically export generated models to this directory.","required":false,"type":"string","default_value":null,"actual_value":null,"input_value":null,"level":"secondary","values":[],"is_member_of_frames":[],"is_mutually_exclusive_with":[],"gridable":false},{"__meta":{"schema_version":3,"schema_name":"ModelParameterSchemaV3","schema_type":"Iced"},"name":"in_training_checkpoints_dir","label":"in_training_checkpoints_dir","help":"Create checkpoints into defined directory while training process is still running. In case of cluster shutdown, this checkpoint can be used to restart training.","required":false,"type":"string","default_value":null,"actual_value":null,"input_value":null,"level":"expert","values":[],"is_member_of_frames":[],"is_mutually_exclusive_with":[],"gridable":false},{"__meta":{"schema_version":3,"schema_name":"ModelParameterSchemaV3","schema_type":"Iced"},"name":"in_training_checkpoints_tree_interval","label":"in_training_checkpoints_tree_interval","help":"Checkpoint the model after every so many trees. Parameter is used only when in_training_checkpoints_dir is defined","required":false,"type":"int","default_value":1,"actual_value":1,"input_value":1,"level":"expert","values":[],"is_member_of_frames":[],"is_mutually_exclusive_with":[],"gridable":false},{"__meta":{"schema_version":3,"schema_name":"ModelParameterSchemaV3","schema_type":"Iced"},"name":"monotone_constraints","label":"monotone_constraints","help":"A mapping representing monotonic constraints. Use +1 to enforce an increasing constraint and -1 to specify a decreasing constraint.","required":false,"type":"KeyValue[]","default_value":null,"actual_value":[],"input_value":[],"level":"secondary","values":[],"is_member_of_frames":[],"is_mutually_exclusive_with":[],"gridable":false},{"__meta":{"schema_version":3,"schema_name":"ModelParameterSchemaV3","schema_type":"Iced"},"name":"check_constant_response","label":"check_constant_response","help":"Check if response column is constant. If enabled, then an exception is thrown if the response column is a constant value.If disabled, then model will train regardless of the response column being a constant value or not.","required":false,"type":"boolean","default_value":true,"actual_value":true,"input_value":true,"level":"expert","values":[],"is_member_of_frames":[],"is_mutually_exclusive_with":[],"gridable":false},{"__meta":{"schema_version":3,"schema_name":"ModelParameterSchemaV3","schema_type":"Iced"},"name":"gainslift_bins","label":"gainslift_bins","help":"Gains/Lift table number of bins. 0 means disabled.. Default value -1 means automatic binning.","required":false,"type":"int","default_value":-1,"actual_value":-1,"input_value":-1,"level":"secondary","values":[],"is_member_of_frames":[],"is_mutually_exclusive_with":[],"gridable":false},{"__meta":{"schema_version":3,"schema_name":"ModelParameterSchemaV3","schema_type":"Iced"},"name":"auc_type","label":"auc_type","help":"Set default multinomial AUC type.","required":false,"type":"enum","default_value":"AUTO","actual_value":"AUTO","input_value":"AUTO","level":"secondary","values":["AUTO","NONE","MACRO_OVR","WEIGHTED_OVR","MACRO_OVO","WEIGHTED_OVO"],"is_member_of_frames":[],"is_mutually_exclusive_with":[],"gridable":true},{"__meta":{"schema_version":3,"schema_name":"ModelParameterSchemaV3","schema_type":"Iced"},"name":"interaction_constraints","label":"interaction_constraints","help":"A set of allowed column interactions.","required":false,"type":"string[][]","default_value":null,"actual_value":null,"input_value":null,"level":"expert","values":[],"is_member_of_frames":[],"is_mutually_exclusive_with":[],"gridable":false},{"__meta":{"schema_version":3,"schema_name":"ModelParameterSchemaV3","schema_type":"Iced"},"name":"auto_rebalance","label":"auto_rebalance","help":"Allow automatic rebalancing of training and validation datasets","required":false,"type":"boolean","default_value":true,"actual_value":true,"input_value":true,"level":"expert","values":[],"is_member_of_frames":[],"is_mutually_exclusive_with":[],"gridable":false}],"output":{"__meta":{"schema_version":3,"schema_name":"GBMModelOutputV3","schema_type":"GBMOutput"},"names":["age","annual_income","monthly_debt","property_price","deposit_amount","requested_loan","mortgage_term_years","mortgage_term_months","ltv","approved","max_borrow_amount"],"original_names":null,"column_types":["Numeric","Numeric","Numeric","Numeric","Numeric","Numeric","Numeric","Numeric","Numeric","Numeric","Numeric"],"domains":[null,null,null,null,null,null,null,null,null,null,null],"cross_validation_models":[{"__meta":{"schema_version":3,"schema_name":"ModelKeyV3","schema_type":"Key<Model>"},"name":"GBM_grid_1_AutoML_1_20251127_224829_model_236_cv_1","type":"Key<Model>","URL":"/3/Models/GBM_grid_1_AutoML_1_20251127_224829_model_236_cv_1"},{"__meta":{"schema_version":3,"schema_name":"ModelKeyV3","schema_type":"Key<Model>"},"name":"GBM_grid_1_AutoML_1_20251127_224829_model_236_cv_2","type":"Key<Model>","URL":"/3/Models/GBM_grid_1_AutoML_1_20251127_224829_model_236_cv_2"},{"__meta":{"schema_version":3,"schema_name":"ModelKeyV3","schema_type":"Key<Model>"},"name":"GBM_grid_1_AutoML_1_20251127_224829_model_236_cv_3","type":"Key<Model>","URL":"/3/Models/GBM_grid_1_AutoML_1_20251127_224829_model_236_cv_3"},{"__meta":{"schema_version":3,"schema_name":"ModelKeyV3","schema_type":"Key<Model>"},"name":"GBM_grid_1_AutoML_1_20251127_224829_model_236_cv_4","type":"Key<Model>","URL":"/3/Models/GBM_grid_1_AutoML_1_20251127_224829_model_236_cv_4"},{"__meta":{"schema_version":3,"schema_name":"ModelKeyV3","schema_type":"Key<Model>"},"name":"GBM_grid_1_AutoML_1_20251127_224829_model_236_cv_5","type":"Key<Model>","URL":"/3/Models/GBM_grid_1_AutoML_1_20251127_224829_model_236_cv_5"}],"cross_validation_predictions":[{"__meta":{"schema_version":3,"schema_name":"FrameKeyV3","schema_type":"Key<Frame>"},"name":"prediction_GBM_grid_1_AutoML_1_20251127_224829_model_236_cv_1","type":"Key<Frame>","URL":"/3/Frames/prediction_GBM_grid_1_AutoML_1_20251127_224829_model_236_cv_1"},{"__meta":{"schema_version":3,"schema_name":"FrameKeyV3","schema_type":"Key<Frame>"},"name":"prediction_GBM_grid_1_AutoML_1_20251127_224829_model_236_cv_2","type":"Key<Frame>","URL":"/3/Frames/prediction_GBM_grid_1_AutoML_1_20251127_224829_model_236_cv_2"},{"__meta":{"schema_version":3,"schema_name":"FrameKeyV3","schema_type":"Key<Frame>"},"name":"prediction_GBM_grid_1_AutoML_1_20251127_224829_model_236_cv_3","type":"Key<Frame>","URL":"/3/Frames/prediction_GBM_grid_1_AutoML_1_20251127_224829_model_236_cv_3"},{"__meta":{"schema_version":3,"schema_name":"FrameKeyV3","schema_type":"Key<Frame>"},"name":"prediction_GBM_grid_1_AutoML_1_20251127_224829_model_236_cv_4","type":"Key<Frame>","URL":"/3/Frames/prediction_GBM_grid_1_AutoML_1_20251127_224829_model_236_cv_4"},{"__meta":{"schema_version":3,"schema_name":"FrameKeyV3","schema_type":"Key<Frame>"},"name":"prediction_GBM_grid_1_AutoML_1_20251127_224829_model_236_cv_5","type":"Key<Frame>","URL":"/3/Frames/prediction_GBM_grid_1_AutoML_1_20251127_224829_model_236_cv_5"}],"cross_validation_holdout_predictions_frame_id":{"__meta":{"schema_version":3,"schema_name":"FrameKeyV3","schema_type":"Key<Frame>"},"name":"cv_holdout_prediction_GBM_grid_1_AutoML_1_20251127_224829_model_236","type":"Key<Frame>","URL":"/3/Frames/cv_holdout_prediction_GBM_grid_1_AutoML_1_20251127_224829_model_236"},"cross_validation_fold_assignment_frame_id":null,"model_category":"Regression","model_summary":{"__meta":{"schema_version":3,"schema_name":"TwoDimTableV3","schema_type":"TwoDimTable"},"name":"Model Summary","description":"","columns":[{"__meta":{"schema_version":-1,"schema_name":"ColumnSpecsBase","schema_type":"Iced"},"name":"","type":"string","format":"%s","description":""},{"__meta":{"schema_version":-1,"schema_name":"ColumnSpecsBase","schema_type":"Iced"},"name":"number_of_trees","type":"long","format":"%d","description":"Number of Trees"},{"__meta":{"schema_version":-1,"schema_name":"ColumnSpecsBase","schema_type":"Iced"},"name":"number_of_internal_trees","type":"long","format":"%d","description":"Number of Internal Trees"},{"__meta":{"schema_version":-1,"schema_name":"ColumnSpecsBase","schema_type":"Iced"},"name":"model_size_in_bytes","type":"long","format":"%d","description":"Model Size in Bytes"},{"__meta":{"schema_version":-1,"schema_name":"ColumnSpecsBase","schema_type":"Iced"},"name":"min_depth","type":"long","format":"%d","description":"Min. Depth"},{"__meta":{"schema_version":-1,"schema_name":"ColumnSpecsBase","schema_type":"Iced"},"name":"max_depth","type":"long","format":"%d","description":"Max. Depth"},{"__meta":{"schema_version":-1,"schema_name":"ColumnSpecsBase","schema_type":"Iced"},"name":"mean_depth","type":"double","format":"%.5f","description":"Mean Depth"},{"__meta":{"schema_version":-1,"schema_name":"ColumnSpecsBase","schema_type":"Iced"},"name":"min_leaves","type":"long","format":"%d","description":"Min. Leaves"},{"__meta":{"schema_version":-1,"schema_name":"ColumnSpecsBase","schema_type":"Iced"},"name":"max_leaves","type":"long","format":"%d","description":"Max. Leaves"},{"__meta":{"schema_version":-1,"schema_name":"ColumnSpecsBase","schema_type":"Iced"},"name":"mean_leaves","type":"double","format":"%.5f","description":"Mean Leaves"}],"rowcount":1,"data":[[""],[102],[102],[49919],[6],[10],[8.460784],[20],[40],[34.2451]]},"scoring_history":{"__meta":{"schema_version":3,"schema_name":"TwoDimTableV3","schema_type":"TwoDimTable"},"name":"Scoring History","description":"","columns":[{"__meta":{"schema_version":-1,"schema_name":"ColumnSpecsBase","schema_type":"Iced"},"name":"","type":"string","format":"%s","description":""},{"__meta":{"schema_version":-1,"schema_name":"ColumnSpecsBase","schema_type":"Iced"},"name":"timestamp","type":"string","format":"%s","description":"Timestamp"},{"__meta":{"schema_version":-1,"schema_name":"ColumnSpecsBase","schema_type":"Iced"},"name":"duration","type":"string","format":"%s","description":"Duration"},{"__meta":{"schema_version":-1,"schema_name":"ColumnSpecsBase","schema_type":"Iced"},"name":"number_of_trees","type":"long","format":"%d","description":"Number of Trees"},{"__meta":{"schema_version":-1,"schema_name":"ColumnSpecsBase","schema_type":"Iced"},"name":"training_rmse","type":"double","format":"%.5f","description":"Training RMSE"},{"__meta":{"schema_version":-1,"schema_name":"ColumnSpecsBase","schema_type":"Iced"},"name":"training_mae","type":"double","format":"%.5f","description":"Training MAE"},{"__meta":{"schema_version":-1,"schema_name":"ColumnSpecsBase","schema_type":"Iced"},"name":"training_deviance","type":"double","format":"%.5f","description":"Training Deviance"},{"__meta":{"schema_version":-1,"schema_name":"ColumnSpecsBase","schema_type":"Iced"},"name":"validation_rmse","type":"double","format":"%.5f","description":"Validation RMSE"},{"__meta":{"schema_version":-1,"schema_name":"ColumnSpecsBase","schema_type":"Iced"},"name":"validation_mae","type":"double","format":"%.5f","description":"Validation MAE"},{"__meta":{"schema_version":-1,"schema_name":"ColumnSpecsBase","schema_type":"Iced"},"name":"validation_deviance","type":"double","format":"%.5f","description":"Validation Deviance"}],"rowcount":22,"data":[["","","","","","","","","","","","","","","","","","","","","",""],["2025-11-27 22:50:02","2025-11-27 22:50:02","2025-11-27 22:50:02","2025-11-27 22:50:03","2025-11-27 22:50:03","2025-11-27 22:50:03","2025-11-27 22:50:03","2025-11-27 22:50:03","2025-11-27 22:50:03","2025-11-27 22:50:03","2025-11-27 22:50:03","2025-11-27 22:50:03","2025-11-27 22:50:03","2025-11-27 22:50:03","2025-11-27 22:50:03","2025-11-27 22:50:03","2025-11-27 22:50:03","2025-11-27 22:50:03","2025-11-27 22:50:03","2025-11-27 22:50:03","2025-11-27 22:50:03","2025-11-27 22:50:03"],[" 1 min 26.040 sec"," 1 min 26.048 sec"," 1 min 26.054 sec"," 1 min 26.061 sec"," 1 min 26.068 sec"," 1 min 26.075 sec"," 1 min 26.081 sec"," 1 min 26.088 sec"," 1 min 26.095 sec"," 1 min 26.102 sec"," 1 min 26.110 sec"," 1 min 26.117 sec"," 1 min 26.124 sec"," 1 min 26.131 sec"," 1 min 26.138 sec"," 1 min 26.144 sec"," 1 min 26.151 sec"," 1 min 26.157 sec"," 1 min 26.164 sec"," 1 min 26.171 sec"," 1 min 26.177 sec"," 1 min 26.180 sec"],[0,5,10,15,20,25,30,35,40,45,50,55,60,65,70,75,80,85,90,95,100,102],[171877.10517815198,101678.3536162376,60162.21844467262,35673.29468101288,21234.914264616822,12763.723462688782,7739.310644202842,4805.402047564226,3107.9323577056125,2168.820633871311,1639.772231311685,1353.0413389288783,1190.2739117770518,1062.5104918512884,979.9521041061173,909.1785235908806,857.0624108304481,809.6151087440296,767.6646564770107,730.1161250726868,700.2947188737522,690.5877237264041],[148869.52989393417,88034.56587625628,52045.93783369975,30828.356783919597,18276.53144629397,10913.478299701634,6547.487898476758,4000.968445744347,2509.330853486181,1691.8060713724874,1233.0395139761306,994.3660391802764,861.335319173995,764.2744189698492,705.7614243090452,654.5880967336683,617.2765291300251,583.2680492305276,552.9180570822864,525.1266684987437,503.83194291771355,497.18810851130655],[2.9541739284421516E10,1.0338487594108658E10,3.619492528184506E9,1.2725839533983817E9,4.50921583825627E8,1.6291263663199213E8,5.9896929247471415E7,2.309188883873446E7,9659243.540073568,4703782.941905956,2688852.9705809015,1830720.8648504517,1416751.9850570448,1128928.5452940667,960306.1263420066,826605.5877588934,734555.9760584999,655476.624306607,589309.0248039667,533069.5560911553,490412.69328246766,476911.40416161617],[174700.58797447555,103426.43685518921,61317.828573926956,36550.05050283726,21999.730099587523,13424.107128756505,8441.008758221986,5618.085947295342,4057.925387096826,3299.727444103571,2891.7216347745375,2695.202616094767,2601.686715687893,2534.474149840321,2487.5918315266094,2466.2156776066777,2455.9266613491272,2451.8226633130735,2433.3810397877796,2428.8462837232305,2424.426277279926,2419.9869487117917],[151966.87127992135,90064.36888809573,53453.44866194253,31889.00322378713,19162.242967123806,11638.961457671317,7186.45137696324,4669.89044921927,3296.9219083860607,2625.4393595854785,2272.8834026381624,2109.184546709773,2030.2392279986868,1987.8249553821217,1958.8595431558467,1947.3208519243453,1939.9569900180693,1936.1579523137884,1926.6253580312089,1924.966527463576,1918.9049487999325,1917.3975320754266],[3.0520295438627472E10,1.069702784056044E10,3.759876101021493E9,1.3359061917599542E9,4.839881244546972E8,1.8020665220433122E8,7.125062885638028E7,3.1562889711197395E7,1.6466758447244925E7,1.0888201205370286E7,8362054.013023124,7264117.141804078,6768773.766586854,6423559.2162088165,6188113.120277912,6082219.768472964,6031575.765925471,6011434.372335614,5921343.284798655,5899294.269956148,5877842.773965402,5856336.8319354085]]},"cv_scoring_history":[{"__meta":{"schema_version":3,"schema_name":"TwoDimTableV3","schema_type":"TwoDimTable"},"name":"Scoring History","description":"","columns":[{"__meta":{"schema_version":-1,"schema_name":"ColumnSpecsBase","schema_type":"Iced"},"name":"","type":"string","format":"%s","description":""},{"__meta":{"schema_version":-1,"schema_name":"ColumnSpecsBase","schema_type":"Iced"},"name":"timestamp","type":"string","format":"%s","description":"Timestamp"},{"__meta":{"schema_version":-1,"schema_name":"ColumnSpecsBase","schema_type":"Iced"},"name":"duration","type":"string","format":"%s","description":"Duration"},{"__meta":{"schema_version":-1,"schema_name":"ColumnSpecsBase","schema_type":"Iced"},"name":"number_of_trees","type":"long","format":"%d","description":"Number of Trees"},{"__meta":{"schema_version":-1,"schema_name":"ColumnSpecsBase","schema_type":"Iced"},"name":"training_rmse","type":"double","format":"%.5f","description":"Training RMSE"},{"__meta":{"schema_version":-1,"schema_name":"ColumnSpecsBase","schema_type":"Iced"},"name":"training_mae","type":"double","format":"%.5f","description":"Training MAE"},{"__meta":{"schema_version":-1,"schema_name":"ColumnSpecsBase","schema_type":"Iced"},"name":"training_deviance","type":"double","format":"%.5f","description":"Training Deviance"},{"__meta":{"schema_version":-1,"schema_name":"ColumnSpecsBase","schema_type":"Iced"},"name":"validation_rmse","type":"double","format":"%.5f","description":"Validation RMSE"},{"__meta":{"schema_version":-1,"schema_name":"ColumnSpecsBase","schema_type":"Iced"},"name":"validation_mae","type":"double","format":"%.5f","description":"Validation MAE"},{"__meta":{"schema_version":-1,"schema_name":"ColumnSpecsBase","schema_type":"Iced"},"name":"validation_deviance","type":"double","format":"%.5f","description":"Validation Deviance"}],"rowcount":23,"data":[["","","","","","","","","","","","","","","","","","","","","","",""],["2025-11-27 22:50:02","2025-11-27 22:50:02","2025-11-27 22:50:02","2025-11-27 22:50:02","2025-11-27 22:50:02","2025-11-27 22:50:02","2025-11-27 22:50:02","2025-11-27 22:50:02","2025-11-27 22:50:02","2025-11-27 22:50:02","2025-11-27 22:50:02","2025-11-27 22:50:02","2025-11-27 22:50:02","2025-11-27 22:50:02","2025-11-27 22:50:02","2025-11-27 22:50:02","2025-11-27 22:50:02","2025-11-27 22:50:02","2025-11-27 22:50:02","2025-11-27 22:50:02","2025-11-27 22:50:02","2025-11-27 22:50:02","2025-11-27 22:50:02"],[" 1 min 25.827 sec"," 1 min 25.838 sec"," 1 min 25.849 sec"," 1 min 25.858 sec"," 1 min 25.866 sec"," 1 min 25.874 sec"," 1 min 25.883 sec"," 1 min 25.898 sec"," 1 min 25.906 sec"," 1 min 25.915 sec"," 1 min 25.925 sec"," 1 min 25.934 sec"," 1 min 25.942 sec"," 1 min 25.950 sec"," 1 min 25.959 sec"," 1 min 25.967 sec"," 1 min 25.976 sec"," 1 min 25.984 sec"," 1 min 25.992 sec"," 1 min 25.999 sec"," 1 min 26.006 sec"," 1 min 26.013 sec"," 1 min 26.020 sec"],[0,5,10,15,20,25,30,35,40,45,50,55,60,65,70,75,80,85,90,95,100,105,110],[170276.2844645601,100778.30164681966,59642.59606801945,35440.58854134464,21173.21265903219,12787.422167639234,7768.298419048784,4883.47946103444,3232.274767459092,2295.9827594676563,1781.905728059279,1513.4883401525835,1338.6612655364538,1201.1772968552932,1114.6673466359168,1043.1477402019932,986.9821786462838,932.2008815754496,887.1133626312796,838.3540681369248,805.7828841740594,762.1500141822573,729.5881072324372],[147147.12138360145,87063.15559895833,51500.26217325078,30572.98308520047,18177.312364878144,10903.373243415881,6542.303164308176,4029.9556554638366,2579.9130797955977,1764.2167108883648,1327.3846305031448,1113.7522970715409,982.7646791470125,888.8850358687107,826.2315865762579,775.4736758058176,730.8723344143082,688.5687770243711,653.8040118907232,615.2847754520441,588.2564735652516,558.4481869103773,534.1864804441824],[2.8994013051055794E10,1.0156266082817373E10,3.5572392657329288E9,1.2560353161568887E9,4.48304934304601E8,1.6351816569343126E8,6.034646032739584E7,2.3848371646345224E7,1.0447600172352726E7,5271536.831772714,3175188.0236904696,2290646.955777822,1792013.98384766,1442826.8984805893,1242483.2936563552,1088157.2078885252,974133.820965365,868998.4836100453,786970.1181589762,702837.5435617315,649286.0564278656,580872.6441180151,532298.8062150104],[178248.97065846287,106106.51963554542,63294.33248865744,38116.64866358847,23340.312511573047,14698.753904593517,9555.758668492199,6673.917704695685,5107.000518711735,4200.514372867402,3727.647497309188,3481.949516630476,3310.823673693161,3168.5147541139513,3078.1837952243304,3016.656739233811,2963.618493140322,2903.0225876862883,2875.781168022375,2858.8359122064494,2847.9696735254242,2837.4110820664987,2848.455019311635],[155498.6238423128,92468.44032973883,55062.4655122721,32981.45698907565,20043.543640402764,12504.29010229489,7972.748470504511,5399.825346007872,4014.586077049776,3205.436544052641,2789.0345730047966,2590.309025680131,2453.0271163712328,2361.2059305022544,2299.7499092494354,2258.8123203377604,2223.2912374296443,2177.134422215461,2163.2342108944576,2161.099792908061,2151.865746469026,2144.610339218081,2155.50678476289],[3.1772695540801563E10,1.1258593509168386E10,4.0061725251847167E9,1.452878905343441E9,5.447701881378933E8,2.1605336634780318E8,9.131252373046379E7,4.454117752905052E7,2.6081454298121925E7,1.7644320996665627E7,1.3895355864195455E7,1.2123972436363205E7,1.0961553398287077E7,1.0039485747037793E7,9475215.477181662,9100217.88236477,8783034.572883312,8427540.144616792,8270117.326352134,8172942.772921282,8110931.261320512,8050901.648633778,8113695.997041647]]},{"__meta":{"schema_version":3,"schema_name":"TwoDimTableV3","schema_type":"TwoDimTable"},"name":"Scoring History","description":"","columns":[{"__meta":{"schema_version":-1,"schema_name":"ColumnSpecsBase","schema_type":"Iced"},"name":"","type":"string","format":"%s","description":""},{"__meta":{"schema_version":-1,"schema_name":"ColumnSpecsBase","schema_type":"Iced"},"name":"timestamp","type":"string","format":"%s","description":"Timestamp"},{"__meta":{"schema_version":-1,"schema_name":"ColumnSpecsBase","schema_type":"Iced"},"name":"duration","type":"string","format":"%s","description":"Duration"},{"__meta":{"schema_version":-1,"schema_name":"ColumnSpecsBase","schema_type":"Iced"},"name":"number_of_trees","type":"long","format":"%d","description":"Number of Trees"},{"__meta":{"schema_version":-1,"schema_name":"ColumnSpecsBase","schema_type":"Iced"},"name":"training_rmse","type":"double","format":"%.5f","description":"Training RMSE"},{"__meta":{"schema_version":-1,"schema_name":"ColumnSpecsBase","schema_type":"Iced"},"name":"training_mae","type":"double","format":"%.5f","description":"Training MAE"},{"__meta":{"schema_version":-1,"schema_name":"ColumnSpecsBase","schema_type":"Iced"},"name":"training_deviance","type":"double","format":"%.5f","description":"Training Deviance"},{"__meta":{"schema_version":-1,"schema_name":"ColumnSpecsBase","schema_type":"Iced"},"name":"validation_rmse","type":"double","format":"%.5f","description":"Validation RMSE"},{"__meta":{"schema_version":-1,"schema_name":"ColumnSpecsBase","schema_type":"Iced"},"name":"validation_mae","type":"double","format":"%.5f","description":"Validation MAE"},{"__meta":{"schema_version":-1,"schema_name":"ColumnSpecsBase","schema_type":"Iced"},"name":"validation_deviance","type":"double","format":"%.5f","description":"Validation Deviance"}],"rowcount":23,"data":[["","","","","","","","","","","","","","","","","","","","","","",""],["2025-11-27 22:50:02","2025-11-27 22:50:02","2025-11-27 22:50:02","2025-11-27 22:50:02","2025-11-27 22:50:02","2025-11-27 22:50:02","2025-11-27 22:50:02","2025-11-27 22:50:02","2025-11-27 22:50:02","2025-11-27 22:50:02","2025-11-27 22:50:02","2025-11-27 22:50:02","2025-11-27 22:50:02","2025-11-27 22:50:02","2025-11-27 22:50:02","2025-11-27 22:50:02","2025-11-27 22:50:02","2025-11-27 22:50:02","2025-11-27 22:50:02","2025-11-27 22:50:02","2025-11-27 22:50:02","2025-11-27 22:50:02","2025-11-27 22:50:02"],[" 1 min 25.827 sec"," 1 min 25.838 sec"," 1 min 25.848 sec"," 1 min 25.857 sec"," 1 min 25.865 sec"," 1 min 25.874 sec"," 1 min 25.883 sec"," 1 min 25.897 sec"," 1 min 25.907 sec"," 1 min 25.915 sec"," 1 min 25.924 sec"," 1 min 25.933 sec"," 1 min 25.942 sec"," 1 min 25.950 sec"," 1 min 25.959 sec"," 1 min 25.968 sec"," 1 min 25.977 sec"," 1 min 25.985 sec"," 1 min 25.994 sec"," 1 min 26.001 sec"," 1 min 26.009 sec"," 1 min 26.016 sec"," 1 min 26.024 sec"],[0,5,10,15,20,25,30,35,40,45,50,55,60,65,70,75,80,85,90,95,100,105,110],[171623.81839406505,101518.84370492656,60066.28895034564,35651.27487713228,21287.008826375502,12867.972983444215,7879.5470833885165,4975.801595222913,3259.7639668735696,2310.2930276501374,1787.452432204459,1508.8427413703412,1332.6405014888933,1215.307449524486,1117.0407803036846,1047.3414480813715,972.2852680942055,905.5100166948854,853.0384586251868,810.4329897158104,769.3285029759256,725.8124513900972,692.6494678159166],[147951.75056375982,87498.56814167975,51738.1013294741,30662.13618524333,18229.485172193876,10937.903809360283,6608.583705357143,4070.5452070251176,2579.078995781005,1751.0875564167975,1323.1370928178965,1104.4086170525902,978.261430533752,893.7889766483516,818.0736852433281,758.4763417386185,700.5160665227629,656.0038387951334,618.7897861067504,582.8992592229199,552.7281691522763,520.4060292386185,495.41721448194664],[2.9454735040159023E10,1.0306075627185308E10,3.6079590682664146E9,1.2710134003648434E9,4.531367447741886E8,1.6558472870265022E8,6.2087262239336476E7,2.475860151502289E7,1.062606111972731E7,5337453.873608839,3194986.1973936358,2276606.418185966,1775930.706208569,1476972.196869711,1247780.1048614646,1096924.1088691843,945338.6425530211,819948.3903347716,727674.6118936344,656801.630819707,591866.3454911788,526803.7145929022,479763.28526567254],[172888.15510987164,102263.07407794375,60616.36201087264,36138.54075451066,21823.462961050398,13487.629230319346,8662.26975500792,6038.988899195847,4572.774881949431,3803.194408479082,3426.1307343090257,3224.2080714995504,3127.8308509101957,3064.673651881183,3006.501314564336,2962.067240802042,2928.824974248567,2894.8145512752326,2871.1352520751275,2860.489483611779,2842.521559984124,2836.3610646009442,2832.7071027618504],[152542.92714572043,90179.80455977599,53360.957079937754,31678.22612994334,18970.354121570446,11476.376368503303,7083.2640989445645,4747.874053156003,3518.363754730168,2943.6676551872197,2664.9990868242166,2503.775492287809,2443.985968673227,2409.44071344107,2371.4152660999775,2333.9342629472203,2303.0128496792872,2285.864935644662,2265.840562044391,2257.1880753794626,2237.7357770386006,2237.247082135763,2231.9861702835715],[2.989031417729504E10,1.0457736319871012E10,3.6743433434331636E9,1.3059941278654277E9,4.7626353561233866E8,1.8191614225456482E8,7.503491730852497E7,3.646938692461067E7,2.0910270120987628E7,1.4464287708686555E7,1.1738371808576902E7,1.039551768832285E7,9783325.8319056,9392224.592534747,9039050.15447708,8773842.33903262,8578015.729782118,8379951.286274826,8243417.635708506,8182400.085853582,8079928.818974579,8044944.088784203,8024229.530037438]]},{"__meta":{"schema_version":3,"schema_name":"TwoDimTableV3","schema_type":"TwoDimTable"},"name":"Scoring History","description":"","columns":[{"__meta":{"schema_version":-1,"schema_name":"ColumnSpecsBase","schema_type":"Iced"},"name":"","type":"string","format":"%s","description":""},{"__meta":{"schema_version":-1,"schema_name":"ColumnSpecsBase","schema_type":"Iced"},"name":"timestamp","type":"string","format":"%s","description":"Timestamp"},{"__meta":{"schema_version":-1,"schema_name":"ColumnSpecsBase","schema_type":"Iced"},"name":"duration","type":"string","format":"%s","description":"Duration"},{"__meta":{"schema_version":-1,"schema_name":"ColumnSpecsBase","schema_type":"Iced"},"name":"number_of_trees","type":"long","format":"%d","description":"Number of Trees"},{"__meta":{"schema_version":-1,"schema_name":"ColumnSpecsBase","schema_type":"Iced"},"name":"training_rmse","type":"double","format":"%.5f","description":"Training RMSE"},{"__meta":{"schema_version":-1,"schema_name":"ColumnSpecsBase","schema_type":"Iced"},"name":"training_mae","type":"double","format":"%.5f","description":"Training MAE"},{"__meta":{"schema_version":-1,"schema_name":"ColumnSpecsBase","schema_type":"Iced"},"name":"training_deviance","type":"double","format":"%.5f","description":"Training Deviance"},{"__meta":{"schema_version":-1,"schema_name":"ColumnSpecsBase","schema_type":"Iced"},"name":"validation_rmse","type":"double","format":"%.5f","description":"Validation RMSE"},{"__meta":{"schema_version":-1,"schema_name":"ColumnSpecsBase","schema_type":"Iced"},"name":"validation_mae","type":"double","format":"%.5f","description":"Validation MAE"},{"__meta":{"schema_version":-1,"schema_name":"ColumnSpecsBase","schema_type":"Iced"},"name":"validation_deviance","type":"double","format":"%.5f","description":"Validation Deviance"}],"rowcount":19,"data":[["","","","","","","","","","","","","","","","","","",""],["2025-11-27 22:50:02","2025-11-27 22:50:02","2025-11-27 22:50:02","2025-11-27 22:50:02","2025-11-27 22:50:02","2025-11-27 22:50:02","2025-11-27 22:50:02","2025-11-27 22:50:02","2025-11-27 22:50:02","2025-11-27 22:50:02","2025-11-27 22:50:02","2025-11-27 22:50:02","2025-11-27 22:50:02","2025-11-27 22:50:02","2025-11-27 22:50:02","2025-11-27 22:50:02","2025-11-27 22:50:02","2025-11-27 22:50:02","2025-11-27 22:50:02"],[" 1 min 25.827 sec"," 1 min 25.838 sec"," 1 min 25.848 sec"," 1 min 25.858 sec"," 1 min 25.866 sec"," 1 min 25.874 sec"," 1 min 25.883 sec"," 1 min 25.897 sec"," 1 min 25.906 sec"," 1 min 25.915 sec"," 1 min 25.924 sec"," 1 min 25.933 sec"," 1 min 25.942 sec"," 1 min 25.951 sec"," 1 min 25.960 sec"," 1 min 25.968 sec"," 1 min 25.977 sec"," 1 min 25.985 sec"," 1 min 25.993 sec"],[0,5,10,15,20,25,30,35,40,45,50,55,60,65,70,75,80,85,90],[169933.4955131831,100447.781278235,59510.86444041222,35352.088990942044,21114.17750888797,12774.231973898663,7792.07065907346,4897.770033844558,3235.2011960839754,2313.186088308374,1804.0407274218594,1517.3213110043573,1344.0957130784561,1229.5954880904128,1154.153876862064,1087.8609552005307,1031.7732714270103,978.8648967992659,930.0035141428884],[146951.89638712234,86801.67680533751,51425.33774038462,30494.10206534537,18123.15768494898,10857.048837323391,6506.8456755298275,3980.166601255887,2533.4849882260596,1747.6259198390894,1325.2119431907379,1096.8589212127158,966.8528257456829,880.3299278846154,817.7369873430141,768.3828125,725.3489010989011,680.2338721546311,645.1665767268446],[2.887739289732902E10,1.0089756763720137E10,3.5415429864451194E9,1.249770196023486E9,4.458084918768306E8,1.631810025229749E8,6.07163651559935E7,2.3988151304425728E7,1.0466526779143184E7,5350829.879143396,3254562.9461967913,2302263.9608279816,1806593.2859158837,1511905.0643323003,1332071.1714757322,1183441.457849811,1064556.0836311951,958176.4861858374,864906.5363181217],[179464.5238205444,106297.86205809354,62949.88906443515,37463.51991758561,22394.184348794035,13666.02043463628,8550.904358894737,5639.548113066779,4033.100460357737,3257.6840393492394,2870.7851856824796,2682.195851209541,2561.5075425677405,2528.288641621982,2524.257671383644,2489.7820270477796,2486.2834078089722,2475.546455480076,2470.1092660379],[156482.89672600533,92712.9836402478,54974.13210990308,32722.17159342904,19493.240832919477,11824.754590581873,7385.622677415794,4809.840377188929,3347.2861488670706,2669.81830553784,2342.5227805344925,2189.0290438702973,2081.2785149049405,2054.8935185424875,2049.69202869365,2013.165470063268,2001.6239640482152,1991.3577696505517,1985.867642219968],[3.2207515310134743E10,1.129923547812148E10,3.9626885332246923E9,1.4035153246153338E9,5.014994926477718E8,1.8676011451989642E8,7.3117965354965E7,3.180450291959506E7,1.626589932333779E7,1.0612505300230777E7,8241407.582333988,7194174.584245676,6561320.890631425,6392243.455354728,6371876.791539175,6199014.5422101505,6181605.183946196,6128330.253239968,6101439.786166294]]},{"__meta":{"schema_version":3,"schema_name":"TwoDimTableV3","schema_type":"TwoDimTable"},"name":"Scoring History","description":"","columns":[{"__meta":{"schema_version":-1,"schema_name":"ColumnSpecsBase","schema_type":"Iced"},"name":"","type":"string","format":"%s","description":""},{"__meta":{"schema_version":-1,"schema_name":"ColumnSpecsBase","schema_type":"Iced"},"name":"timestamp","type":"string","format":"%s","description":"Timestamp"},{"__meta":{"schema_version":-1,"schema_name":"ColumnSpecsBase","schema_type":"Iced"},"name":"duration","type":"string","format":"%s","description":"Duration"},{"__meta":{"schema_version":-1,"schema_name":"ColumnSpecsBase","schema_type":"Iced"},"name":"number_of_trees","type":"long","format":"%d","description":"Number of Trees"},{"__meta":{"schema_version":-1,"schema_name":"ColumnSpecsBase","schema_type":"Iced"},"name":"training_rmse","type":"double","format":"%.5f","description":"Training RMSE"},{"__meta":{"schema_version":-1,"schema_name":"ColumnSpecsBase","schema_type":"Iced"},"name":"training_mae","type":"double","format":"%.5f","description":"Training MAE"},{"__meta":{"schema_version":-1,"schema_name":"ColumnSpecsBase","schema_type":"Iced"},"name":"training_deviance","type":"double","format":"%.5f","description":"Training Deviance"},{"__meta":{"schema_version":-1,"schema_name":"ColumnSpecsBase","schema_type":"Iced"},"name":"validation_rmse","type":"double","format":"%.5f","description":"Validation RMSE"},{"__meta":{"schema_version":-1,"schema_name":"ColumnSpecsBase","schema_type":"Iced"},"name":"validation_mae","type":"double","format":"%.5f","description":"Validation MAE"},{"__meta":{"schema_version":-1,"schema_name":"ColumnSpecsBase","schema_type":"Iced"},"name":"validation_deviance","type":"double","format":"%.5f","description":"Validation Deviance"}],"rowcount":21,"data":[["","","","","","","","","","","","","","","","","","","","",""],["2025-11-27 22:50:02","2025-11-27 22:50:02","2025-11-27 22:50:02","2025-11-27 22:50:02","2025-11-27 22:50:02","2025-11-27 22:50:02","2025-11-27 22:50:02","2025-11-27 22:50:02","2025-11-27 22:50:02","2025-11-27 22:50:02","2025-11-27 22:50:02","2025-11-27 22:50:02","2025-11-27 22:50:02","2025-11-27 22:50:02","2025-11-27 22:50:02","2025-11-27 22:50:02","2025-11-27 22:50:02","2025-11-27 22:50:02","2025-11-27 22:50:02","2025-11-27 22:50:02","2025-11-27 22:50:02"],[" 1 min 25.827 sec"," 1 min 25.838 sec"," 1 min 25.848 sec"," 1 min 25.857 sec"," 1 min 25.866 sec"," 1 min 25.874 sec"," 1 min 25.883 sec"," 1 min 25.897 sec"," 1 min 25.906 sec"," 1 min 25.914 sec"," 1 min 25.924 sec"," 1 min 25.932 sec"," 1 min 25.941 sec"," 1 min 25.949 sec"," 1 min 25.958 sec"," 1 min 25.967 sec"," 1 min 25.975 sec"," 1 min 25.984 sec"," 1 min 25.992 sec"," 1 min 26.000 sec"," 1 min 26.008 sec"],[0,5,10,15,20,25,30,35,40,45,50,55,60,65,70,75,80,85,90,95,100],[175290.596986393,103707.98063776434,61361.04899815374,36389.719082911855,21672.63031585041,13080.251077304052,7994.800766705184,5030.402308895878,3313.503885270327,2370.38645995502,1844.3034973519777,1540.5116445234069,1372.7261334826762,1246.928237313369,1169.0328203146394,1081.758483353025,1017.989475382802,950.6794572200737,903.3409618398044,860.2262674206976,818.1437152578312],[152471.22930182796,90125.65108663657,53316.59592082025,31595.780281102827,18722.624644328884,11196.43882456829,6744.388503237834,4132.762791895604,2631.9725274725274,1818.0170354199372,1366.7956608124018,1121.5818411499215,1002.0613471350078,911.2624362244898,848.0343038657771,778.3548248626373,728.889484399529,681.9745879120879,647.7844755690738,614.5995633830455,585.8313505690738],[3.0726793391846054E10,1.0755345247962902E10,3.765178334153824E9,1.3242116549332392E9,4.697029048075182E8,1.710929682453138E8,6.39168392993098E7,2.5304947389344987E7,1.0979307997701552E7,5618731.969538092,3401455.3903447366,2373176.1269122115,1884377.0375462985,1554830.0290094253,1366637.7349727997,1170201.4163062368,1036302.5719901524,903791.4303802538,816024.8933376629,739989.2311605456,669359.1388158873],[157749.74727868024,93127.93496788146,55078.05153413204,32729.085091105895,19652.4636611065,12158.162268879129,7817.316766684099,5403.248139345825,4154.371801436334,3523.2074847742065,3212.0382754158936,3057.187820983759,2970.4331806892246,2887.764446886841,2854.207724828466,2782.7447618644464,2774.7126569744364,2753.2028305834206,2734.764704084767,2722.691297630679,2712.5071124842434],[134917.46093058868,79473.02230710034,46968.98490128016,27943.536466751553,16795.51740584893,10240.511878353804,6447.113330902992,4326.44166445777,3238.341255979176,2723.0880947547566,2505.750156528788,2390.517780491347,2326.035924208945,2261.300824134473,2236.084868507609,2176.563580445456,2170.3091887191977,2149.1632134713286,2124.586097858744,2116.761194061403,2113.5814693412135],[2.4884982766487484E10,8.672812271381958E9,3.033591760796505E9,1.0711930109008503E9,3.8621932795111144E8,1.4782090975639609E8,6.111044143068034E7,2.9195090455344114E7,1.7258805064569373E7,1.241299098076899E7,1.0317189882736709E7,9346397.372771425,8823473.280939505,8339183.5007036645,8146501.736470488,7743668.409684014,7699030.328774137,7580125.826332559,7478937.986707843,7413047.902193831,7357694.835277609]]},{"__meta":{"schema_version":3,"schema_name":"TwoDimTableV3","schema_type":"TwoDimTable"},"name":"Scoring History","description":"","columns":[{"__meta":{"schema_version":-1,"schema_name":"ColumnSpecsBase","schema_type":"Iced"},"name":"","type":"string","format":"%s","description":""},{"__meta":{"schema_version":-1,"schema_name":"ColumnSpecsBase","schema_type":"Iced"},"name":"timestamp","type":"string","format":"%s","description":"Timestamp"},{"__meta":{"schema_version":-1,"schema_name":"ColumnSpecsBase","schema_type":"Iced"},"name":"duration","type":"string","format":"%s","description":"Duration"},{"__meta":{"schema_version":-1,"schema_name":"ColumnSpecsBase","schema_type":"Iced"},"name":"number_of_trees","type":"long","format":"%d","description":"Number of Trees"},{"__meta":{"schema_version":-1,"schema_name":"ColumnSpecsBase","schema_type":"Iced"},"name":"training_rmse","type":"double","format":"%.5f","description":"Training RMSE"},{"__meta":{"schema_version":-1,"schema_name":"ColumnSpecsBase","schema_type":"Iced"},"name":"training_mae","type":"double","format":"%.5f","description":"Training MAE"},{"__meta":{"schema_version":-1,"schema_name":"ColumnSpecsBase","schema_type":"Iced"},"name":"training_deviance","type":"double","format":"%.5f","description":"Training Deviance"},{"__meta":{"schema_version":-1,"schema_name":"ColumnSpecsBase","schema_type":"Iced"},"name":"validation_rmse","type":"double","format":"%.5f","description":"Validation RMSE"},{"__meta":{"schema_version":-1,"schema_name":"ColumnSpecsBase","schema_type":"Iced"},"name":"validation_mae","type":"double","format":"%.5f","description":"Validation MAE"},{"__meta":{"schema_version":-1,"schema_name":"ColumnSpecsBase","schema_type":"Iced"},"name":"validation_deviance","type":"double","format":"%.5f","description":"Validation Deviance"}],"rowcount":24,"data":[["","","","","","","","","","","","","","","","","","","","","","","",""],["2025-11-27 22:50:02","2025-11-27 22:50:02","2025-11-27 22:50:02","2025-11-27 22:50:02","2025-11-27 22:50:02","2025-11-27 22:50:02","2025-11-27 22:50:02","2025-11-27 22:50:02","2025-11-27 22:50:02","2025-11-27 22:50:02","2025-11-27 22:50:02","2025-11-27 22:50:02","2025-11-27 22:50:02","2025-11-27 22:50:02","2025-11-27 22:50:02","2025-11-27 22:50:02","2025-11-27 22:50:02","2025-11-27 22:50:02","2025-11-27 22:50:02","2025-11-27 22:50:02","2025-11-27 22:50:02","2025-11-27 22:50:02","2025-11-27 22:50:02","2025-11-27 22:50:02"],[" 1 min 25.827 sec"," 1 min 25.837 sec"," 1 min 25.848 sec"," 1 min 25.857 sec"," 1 min 25.865 sec"," 1 min 25.873 sec"," 1 min 25.883 sec"," 1 min 25.898 sec"," 1 min 25.906 sec"," 1 min 25.915 sec"," 1 min 25.924 sec"," 1 min 25.933 sec"," 1 min 25.942 sec"," 1 min 25.950 sec"," 1 min 25.958 sec"," 1 min 25.967 sec"," 1 min 25.976 sec"," 1 min 25.984 sec"," 1 min 25.992 sec"," 1 min 26.000 sec"," 1 min 26.008 sec"," 1 min 26.015 sec"," 1 min 26.023 sec"," 1 min 26.030 sec"],[0,5,10,15,20,25,30,35,40,45,50,55,60,65,70,75,80,85,90,95,100,105,110,115],[172119.4720904869,101846.01038771705,60265.52183596561,35774.131248908365,21343.810315925984,12892.550767313638,7892.17497559203,4971.735196773798,3303.379590003454,2400.836744362379,1888.166589981249,1621.5725870451552,1430.3792154869298,1311.7840478541707,1215.5575350711158,1138.0476725433396,1059.7248393933628,1004.6043114854323,953.4021321676147,903.4318220878678,851.7511737294724,807.684469482661,768.738942968658,731.1387927538411],[149721.04216365254,88508.61106750392,52349.00206043956,31035.23881475667,18411.44368131868,11045.470209478022,6671.802148744113,4095.8178105376765,2625.5529949960755,1816.2019598704867,1385.7837396978023,1167.052075156986,1037.774896978022,948.6829130690738,876.1102948390895,817.0073832417582,756.7312720761381,712.4037357731554,677.6101721938776,638.6551339285714,602.4871590463108,569.4213108320251,539.0210459183673,508.29840806514915],[2.9625112672707897E10,1.037260983189497E10,3.6319331221612477E9,1.279788466614122E9,4.5555823880222845E8,1.6621786528775948E8,6.228642584536106E7,2.4718150866839398E7,1.0912316715651387E7,5764017.073080545,3565173.0715214177,2629497.6550563173,2045984.7000970047,1720777.3882046733,1477580.121068167,1295152.504981312,1123016.7352272884,1009229.8226551194,908975.6256217537,816189.0571610047,725480.0619495338,652354.2022434876,590959.5624365695,534563.9342695443],[170902.67024140526,101074.53982584825,59671.850322092185,35340.87339407261,21155.86955035677,12949.392763169704,8205.193147624545,5562.245032187165,4190.834411462222,3525.1510317538673,3190.473079886652,3041.7996654624894,2911.970652405378,2861.629999237207,2815.720866886485,2774.446207874713,2755.7812239240156,2733.083499462407,2697.583758380866,2681.002810536843,2654.6409760555757,2643.7761843714156,2644.0386757876086,2643.837988001278],[145456.8974546876,85893.90362299826,50675.58505833222,29851.371821960434,17582.253058201284,10641.999688450918,6626.527202105996,4427.674026079075,3302.479236272524,2789.7380208374093,2493.0424059043908,2384.8164689354453,2283.7865524397866,2247.4885051934743,2209.847285393652,2177.548417436536,2163.654571865073,2142.564035610668,2118.1567263335146,2099.9747627537563,2074.5013972016595,2075.224229912288,2080.450355037704,2080.9537927638416],[2.9207722695642506E10,1.0216062601006983E10,3.5607297208621736E9,1.2489773322558694E9,4.475708164317127E8,1.6768677293483192E8,6.732519458982478E7,3.0938569798090797E7,1.7563093064295914E7,1.2426689796675356E7,1.0179118473481419E7,9252545.204807714,8479573.080470204,8188926.252534337,7928284.000219979,7697551.760390375,7594330.1541321445,7469745.415033677,7276958.133480239,7187776.0701064505,7047118.711753299,6989552.513049482,6990940.51906069,6989879.306798647]]}],"reproducibility_information_table":[{"__meta":{"schema_version":3,"schema_name":"TwoDimTableV3","schema_type":"TwoDimTable"},"name":"Node Information","description":"","columns":[{"__meta":{"schema_version":-1,"schema_name":"ColumnSpecsBase","schema_type":"Iced"},"name":"","type":"string","format":"%s","description":""},{"__meta":{"schema_version":-1,"schema_name":"ColumnSpecsBase","schema_type":"Iced"},"name":"node","type":"int","format":"%d","description":"node"},{"__meta":{"schema_version":-1,"schema_name":"ColumnSpecsBase","schema_type":"Iced"},"name":"h2o","type":"string","format":"%s","description":"h2o"},{"__meta":{"schema_version":-1,"schema_name":"ColumnSpecsBase","schema_type":"Iced"},"name":"healthy","type":"string","format":"%s","description":"healthy"},{"__meta":{"schema_version":-1,"schema_name":"ColumnSpecsBase","schema_type":"Iced"},"name":"last_ping","type":"string","format":"%s","description":"last_ping"},{"__meta":{"schema_version":-1,"schema_name":"ColumnSpecsBase","schema_type":"Iced"},"name":"num_cpus","type":"int","format":"%d","description":"num_cpus"},{"__meta":{"schema_version":-1,"schema_name":"ColumnSpecsBase","schema_type":"Iced"},"name":"sys_load","type":"double","format":"%.5f","description":"sys_load"},{"__meta":{"schema_version":-1,"schema_name":"ColumnSpecsBase","schema_type":"Iced"},"name":"mem_value_size","type":"long","format":"%d","description":"mem_value_size"},{"__meta":{"schema_version":-1,"schema_name":"ColumnSpecsBase","schema_type":"Iced"},"name":"free_mem","type":"long","format":"%d","description":"free_mem"},{"__meta":{"schema_version":-1,"schema_name":"ColumnSpecsBase","schema_type":"Iced"},"name":"pojo_mem","type":"long","format":"%d","description":"pojo_mem"},{"__meta":{"schema_version":-1,"schema_name":"ColumnSpecsBase","schema_type":"Iced"},"name":"swap_mem","type":"long","format":"%d","description":"swap_mem"},{"__meta":{"schema_version":-1,"schema_name":"ColumnSpecsBase","schema_type":"Iced"},"name":"free_disc","type":"long","format":"%d","description":"free_disc"},{"__meta":{"schema_version":-1,"schema_name":"ColumnSpecsBase","schema_type":"Iced"},"name":"max_disc","type":"long","format":"%d","description":"max_disc"},{"__meta":{"schema_version":-1,"schema_name":"ColumnSpecsBase","schema_type":"Iced"},"name":"pid","type":"int","format":"%d","description":"pid"},{"__meta":{"schema_version":-1,"schema_name":"ColumnSpecsBase","schema_type":"Iced"},"name":"num_keys","type":"int","format":"%d","description":"num_keys"},{"__meta":{"schema_version":-1,"schema_name":"ColumnSpecsBase","schema_type":"Iced"},"name":"tcps_active","type":"string","format":"%s","description":"tcps_active"},{"__meta":{"schema_version":-1,"schema_name":"ColumnSpecsBase","schema_type":"Iced"},"name":"open_fds","type":"int","format":"%d","description":"open_fds"},{"__meta":{"schema_version":-1,"schema_name":"ColumnSpecsBase","schema_type":"Iced"},"name":"rpcs_active","type":"string","format":"%s","description":"rpcs_active"},{"__meta":{"schema_version":-1,"schema_name":"ColumnSpecsBase","schema_type":"Iced"},"name":"nthreads","type":"int","format":"%d","description":"nthreads"},{"__meta":{"schema_version":-1,"schema_name":"ColumnSpecsBase","schema_type":"Iced"},"name":"is_leader","type":"string","format":"%s","description":"is_leader"},{"__meta":{"schema_version":-1,"schema_name":"ColumnSpecsBase","schema_type":"Iced"},"name":"total_mem","type":"long","format":"%d","description":"total_mem"},{"__meta":{"schema_version":-1,"schema_name":"ColumnSpecsBase","schema_type":"Iced"},"name":"max_mem","type":"long","format":"%d","description":"max_mem"},{"__meta":{"schema_version":-1,"schema_name":"ColumnSpecsBase","schema_type":"Iced"},"name":"java_version","type":"string","format":"%s","description":"java_version"},{"__meta":{"schema_version":-1,"schema_name":"ColumnSpecsBase","schema_type":"Iced"},"name":"jvm_launch_parameters","type":"string","format":"%s","description":"jvm_launch_parameters"},{"__meta":{"schema_version":-1,"schema_name":"ColumnSpecsBase","schema_type":"Iced"},"name":"os_version","type":"string","format":"%s","description":"os_version"},{"__meta":{"schema_version":-1,"schema_name":"ColumnSpecsBase","schema_type":"Iced"},"name":"machine_physical_mem","type":"long","format":"%d","description":"machine_physical_mem"},{"__meta":{"schema_version":-1,"schema_name":"ColumnSpecsBase","schema_type":"Iced"},"name":"machine_locale","type":"string","format":"%s","description":"machine_locale"}],"rowcount":1,"data":[[""],[0],["192.168.1.99:54321"],["true"],["1764283802800"],[12],[15.040039],[1188485622],[3334235414],[309117172],[0],[738538291200],[994662416384],[4223],[386831],["\u0000"],[-1],["\u0000"],[12],["true"],[3498049536],[4831838208],["Java 17.0.17 (from Amazon.com Inc.)"],["[]"],["Mac OS X 15.4.1 (aarch64)"],[19327352832],["en_GB"]]},{"__meta":{"schema_version":3,"schema_name":"TwoDimTableV3","schema_type":"TwoDimTable"},"name":"Cluster Configuration","description":"","columns":[{"__meta":{"schema_version":-1,"schema_name":"ColumnSpecsBase","schema_type":"Iced"},"name":"","type":"string","format":"%s","description":""},{"__meta":{"schema_version":-1,"schema_name":"ColumnSpecsBase","schema_type":"Iced"},"name":"h2o_cluster_uptime","type":"long","format":"%d","description":"H2O cluster uptime"},{"__meta":{"schema_version":-1,"schema_name":"ColumnSpecsBase","schema_type":"Iced"},"name":"h2o_cluster_timezone","type":"string","format":"%s","description":"H2O cluster timezone"},{"__meta":{"schema_version":-1,"schema_name":"ColumnSpecsBase","schema_type":"Iced"},"name":"h2o_data_parsing_timezone","type":"string","format":"%s","description":"H2O data parsing timezone"},{"__meta":{"schema_version":-1,"schema_name":"ColumnSpecsBase","schema_type":"Iced"},"name":"h2o_cluster_version","type":"string","format":"%s","description":"H2O cluster version"},{"__meta":{"schema_version":-1,"schema_name":"ColumnSpecsBase","schema_type":"Iced"},"name":"h2o_cluster_version_age","type":"string","format":"%s","description":"H2O cluster version age"},{"__meta":{"schema_version":-1,"schema_name":"ColumnSpecsBase","schema_type":"Iced"},"name":"h2o_cluster_name","type":"string","format":"%s","description":"H2O cluster name"},{"__meta":{"schema_version":-1,"schema_name":"ColumnSpecsBase","schema_type":"Iced"},"name":"h2o_cluster_total_nodes","type":"int","format":"%d","description":"H2O cluster total nodes"},{"__meta":{"schema_version":-1,"schema_name":"ColumnSpecsBase","schema_type":"Iced"},"name":"h2o_cluster_free_memory","type":"long","format":"%d","description":"H2O cluster free memory"},{"__meta":{"schema_version":-1,"schema_name":"ColumnSpecsBase","schema_type":"Iced"},"name":"h2o_cluster_total_cores","type":"int","format":"%d","description":"H2O cluster total cores"},{"__meta":{"schema_version":-1,"schema_name":"ColumnSpecsBase","schema_type":"Iced"},"name":"h2o_cluster_allowed_cores","type":"int","format":"%d","description":"H2O cluster allowed cores"},{"__meta":{"schema_version":-1,"schema_name":"ColumnSpecsBase","schema_type":"Iced"},"name":"h2o_cluster_status","type":"string","format":"%s","description":"H2O cluster status"},{"__meta":{"schema_version":-1,"schema_name":"ColumnSpecsBase","schema_type":"Iced"},"name":"h2o_internal_security","type":"string","format":"%s","description":"H2O internal security"},{"__meta":{"schema_version":-1,"schema_name":"ColumnSpecsBase","schema_type":"Iced"},"name":"h2o_api_extensions","type":"string","format":"%s","description":"H2O API Extensions"}],"rowcount":1,"data":[[""],[220527],["Europe/London"],["UTC"],["3.46.0.9"],["3 days"],["aurobindonaik"],[1],[3334235414],[12],[12],["locked, healthly"],["false"],["Mojo 2 pipeline extensions, Amazon S3, Algos, Infogram, AutoML, Core V3, TargetEncoder, Core V4"]]},{"__meta":{"schema_version":3,"schema_name":"TwoDimTableV3","schema_type":"TwoDimTable"},"name":"Input Frames Information","description":"","columns":[{"__meta":{"schema_version":-1,"schema_name":"ColumnSpecsBase","schema_type":"Iced"},"name":"","type":"string","format":"%s","description":""},{"__meta":{"schema_version":-1,"schema_name":"ColumnSpecsBase","schema_type":"Iced"},"name":"input_frame","type":"string","format":"%s","description":"Input Frame"},{"__meta":{"schema_version":-1,"schema_name":"ColumnSpecsBase","schema_type":"Iced"},"name":"checksum","type":"long","format":"%d","description":"Checksum"},{"__meta":{"schema_version":-1,"schema_name":"ColumnSpecsBase","schema_type":"Iced"},"name":"espc","type":"string","format":"%d","description":"ESPC"}],"rowcount":3,"data":[["","",""],["training_frame","validation_frame","calibration_frame"],[-2743334009543848362,-314633701090379278,-1],["[0, 52, 102, 147, 198, 243, 289, 336, 379, 426, 480, 523, 572, 616, 666, 712, 758, 796]","[0, 7, 17, 33, 42, 57, 70, 83, 99, 111, 118, 133, 144, 159, 169, 183, 197, 204]","-1"]]}],"training_metrics":{"__meta":{"schema_version":3,"schema_name":"ModelMetricsRegressionV3","schema_type":"ModelMetricsRegression"},"model":{"__meta":{"schema_version":3,"schema_name":"ModelKeyV3","schema_type":"Key<Model>"},"name":"GBM_grid_1_AutoML_1_20251127_224829_model_236","type":"Key<Model>","URL":"/3/Models/GBM_grid_1_AutoML_1_20251127_224829_model_236"},"model_checksum":5037723340121858608,"frame":{"__meta":{"schema_version":3,"schema_name":"FrameKeyV3","schema_type":"Key<Frame>"},"name":"AutoML_1_20251127_224829_training_mortgage_training_dataset.hex_0.80","type":"Key<Frame>","URL":"/3/Frames/AutoML_1_20251127_224829_training_mortgage_training_dataset.hex_0.80"},"frame_checksum":-2743334009543848362,"description":null,"model_category":"Regression","scoring_time":1764283803120,"predictions":null,"MSE":476911.40416161617,"RMSE":690.5877237264041,"nobs":796,"custom_metric_name":null,"custom_metric_value":0.0,"r2":0.9999838563532238,"mean_residual_deviance":476911.40416161617,"mae":497.18810851130655,"rmsle":0.004387497589205378,"loglikelihood":"NaN","AIC":"NaN"},"validation_metrics":{"__meta":{"schema_version":3,"schema_name":"ModelMetricsRegressionV3","schema_type":"ModelMetricsRegression"},"model":{"__meta":{"schema_version":3,"schema_name":"ModelKeyV3","schema_type":"Key<Model>"},"name":"GBM_grid_1_AutoML_1_20251127_224829_model_236","type":"Key<Model>","URL":"/3/Models/GBM_grid_1_AutoML_1_20251127_224829_model_236"},"model_checksum":5037723340121858608,"frame":{"__meta":{"schema_version":3,"schema_name":"FrameKeyV3","schema_type":"Key<Frame>"},"name":"mortgage_training_dataset.hex_0.20","type":"Key<Frame>","URL":"/3/Frames/mortgage_training_dataset.hex_0.20"},"frame_checksum":-314633701090379278,"description":"Validation metrics","model_category":"Regression","scoring_time":1764283803120,"predictions":null,"MSE":5856336.8319354085,"RMSE":2419.9869487117917,"nobs":204,"custom_metric_name":null,"custom_metric_value":0.0,"r2":0.9998080591508545,"mean_residual_deviance":5856336.8319354085,"mae":1917.3975320754266,"rmsle":0.013402286906412838,"loglikelihood":"NaN","AIC":"NaN"},"cross_validation_metrics":{"__meta":{"schema_version":3,"schema_name":"ModelMetricsRegressionV3","schema_type":"ModelMetricsRegression"},"model":{"__meta":{"schema_version":3,"schema_name":"ModelKeyV3","schema_type":"Key<Model>"},"name":"GBM_grid_1_AutoML_1_20251127_224829_model_236","type":"Key<Model>","URL":"/3/Models/GBM_grid_1_AutoML_1_20251127_224829_model_236"},"model_checksum":5037723340121858608,"frame":{"__meta":{"schema_version":3,"schema_name":"FrameKeyV3","schema_type":"Key<Frame>"},"name":"AutoML_1_20251127_224829_training_mortgage_training_dataset.hex_0.80","type":"Key<Frame>","URL":"/3/Frames/AutoML_1_20251127_224829_training_mortgage_training_dataset.hex_0.80"},"frame_checksum":-2743334009543848362,"description":"5-fold cross-validation on training data (Metrics computed for combined holdout predictions)","model_category":"Regression","scoring_time":1764283803122,"predictions":null,"MSE":7305701.021911815,"RMSE":2702.9060327565617,"nobs":796,"custom_metric_name":null,"custom_metric_value":0.0,"r2":0.999752699021829,"mean_residual_deviance":7305701.021911815,"mae":2110.297131462641,"rmsle":0.014176702021741063,"loglikelihood":"NaN","AIC":"NaN"},"cross_validation_metrics_summary":{"__meta":{"schema_version":3,"schema_name":"TwoDimTableV3","schema_type":"TwoDimTable"},"name":"Cross-Validation Metrics Summary","description":"","columns":[{"__meta":{"schema_version":-1,"schema_name":"ColumnSpecsBase","schema_type":"Iced"},"name":"","type":"string","format":"%s","description":""},{"__meta":{"schema_version":-1,"schema_name":"ColumnSpecsBase","schema_type":"Iced"},"name":"mean","type":"float","format":"%f","description":"mean"},{"__meta":{"schema_version":-1,"schema_name":"ColumnSpecsBase","schema_type":"Iced"},"name":"sd","type":"float","format":"%f","description":"sd"},{"__meta":{"schema_version":-1,"schema_name":"ColumnSpecsBase","schema_type":"Iced"},"name":"cv_1_valid","type":"float","format":"%f","description":"cv_1_valid"},{"__meta":{"schema_version":-1,"schema_name":"ColumnSpecsBase","schema_type":"Iced"},"name":"cv_2_valid","type":"float","format":"%f","description":"cv_2_valid"},{"__meta":{"schema_version":-1,"schema_name":"ColumnSpecsBase","schema_type":"Iced"},"name":"cv_3_valid","type":"float","format":"%f","description":"cv_3_valid"},{"__meta":{"schema_version":-1,"schema_name":"ColumnSpecsBase","schema_type":"Iced"},"name":"cv_4_valid","type":"float","format":"%f","description":"cv_4_valid"},{"__meta":{"schema_version":-1,"schema_name":"ColumnSpecsBase","schema_type":"Iced"},"name":"cv_5_valid","type":"float","format":"%f","description":"cv_5_valid"}],"rowcount":9,"data":[["aic","loglikelihood","mae","mean_residual_deviance","mse","r2","residual_deviance","rmse","rmsle"],["NaN","NaN",2113.579,7317388.0,7317388.0,0.99974877,7317388.0,2701.5232,0.013943189],[0.0,0.0,91.03954,824795.1,824795.1,4.1156938E-5,824795.1,154.75691,0.0027984446],["NaN","NaN",2155.5068,8113696.0,8113696.0,0.99974245,8113696.0,2848.455,0.018339032],["NaN","NaN",2231.986,8024229.5,8024229.5,0.99973154,8024229.5,2832.707,0.012795077],["NaN","NaN",1985.8677,6101440.0,6101440.0,0.99981046,6101440.0,2470.1094,0.012794473],["NaN","NaN",2113.5815,7357695.0,7357695.0,0.9996988,7357695.0,2712.507,0.011001448],["NaN","NaN",2080.9539,6989879.5,6989879.5,0.9997607,6989879.5,2643.838,0.014785912]]},"status":null,"start_time":1764283802980,"end_time":1764283803121,"run_time":141,"default_threshold":0.5,"help":{"domains":"Domains for categorical columns", "__meta":"Metadata on this schema instance, to make it self-describing.", "help":"Help information for output fields", "training_metrics":"Training data model metrics", "cross_validation_models":"Cross-validation models (model ids)", "cross_validation_predictions":"Cross-validation predictions, one per cv model (deprecated, use cross_validation_holdout_predictions_frame_id instead)", "cross_validation_metrics_summary":"Cross-validation model metrics summary", "status":"Job status", "reproducibility_information_table":"Model reproducibility information", "variable_importances":"Variable Importances", "model_summary":"Model summary", "end_time":"End time in milliseconds", "names":"Column names", "cross_validation_fold_assignment_frame_id":"Cross-validation fold assignment (each row is assigned to one holdout fold)", "run_time":"Runtime in milliseconds", "default_threshold":"Default threshold used for predictions", "scoring_history":"Scoring history", "cross_validation_holdout_predictions_frame_id":"Cross-validation holdout predictions (full out-of-sample predictions on training data)", "init_f":"The Intercept term, the initial model function value to which trees make adjustments", "model_category":"Category of the model (e.g., Binomial)", "column_types":"Column types", "original_names":"Original column names", "start_time":"Start time in milliseconds", "cv_scoring_history":"Cross-Validation scoring history", "cross_validation_metrics":"Cross-validation model metrics", "validation_metrics":"Validation data model metrics"},"variable_importances":{"__meta":{"schema_version":3,"schema_name":"TwoDimTableV3","schema_type":"TwoDimTable"},"name":"Variable Importances","description":"","columns":[{"__meta":{"schema_version":-1,"schema_name":"ColumnSpecsBase","schema_type":"Iced"},"name":"variable","type":"string","format":"%s","description":"Variable"},{"__meta":{"schema_version":-1,"schema_name":"ColumnSpecsBase","schema_type":"Iced"},"name":"relative_importance","type":"double","format":"%5f","description":"Relative Importance"},{"__meta":{"schema_version":-1,"schema_name":"ColumnSpecsBase","schema_type":"Iced"},"name":"scaled_importance","type":"double","format":"%5f","description":"Scaled Importance"},{"__meta":{"schema_version":-1,"schema_name":"ColumnSpecsBase","schema_type":"Iced"},"name":"percentage","type":"double","format":"%5f","description":"Percentage"}],"rowcount":10,"data":[["annual_income","monthly_debt","mortgage_term_years","property_price","requested_loan","deposit_amount","ltv","age","approved","mortgage_term_months"],[1.11552069894144E14,5.2270563328E10,2.1624846336E10,2.053949312E9,1.639691136E9,1.554720256E9,1.250135936E9,8.57303488E8,3.80774368E8,0.0],[1.0,4.685754677398772E-4,1.938542812923206E-4,1.8412471538619324E-5,1.4698885798855775E-5,1.393717084295552E-5,1.120674799836795E-5,7.685231558800548E-6,3.413422703508158E-6,0.0],[0.9992687514362912,4.6823282260210325E-4,1.937125256275568E-4,1.839900744525238E-5,1.4688137259727243E-5,1.3926979306794446E-5,1.1198553079990298E-5,7.679611744261407E-6,3.4109266430588866E-6,0.0]]},"init_f":375925.1886934673},"compatible_frames":null}
